hfpxzc href,xxVWCe,qBF1Pd,MW4etd,UY7F9,W4Efsd,W4Efsd (2),W4Efsd (3),Cw1rxd,R8c4Qb,qBF1Pd (2),W4Efsd (4),W4Efsd (5),W4Efsd (6),UsdlK,ah5Ghc,doJOZc,lcr4fd href,Cw1rxd (2),R8c4Qb (2),e4rVHe,W4Efsd (7)
https://www.google.com/maps/place/Dermatology+and+Venereal+Diseases/data=!4m7!3m6!1s0x14f59384f1aaa383:0x4daecdb883ce1224!8m2!3d31.0784537!4d29.7348672!16s%2Fg%2F11c594wjx2!19sChIJg6Oq8YST9RQRJBLOg7jNrk0?authuser=0&hl=en&g_ep=EgoyMDI2MDkwOS4wIJJjKgBIAVAD&rclk=1,Dermatology and Venereal Diseases,Dermatology and Venereal Diseases,4.0,(1),قسم في المستشفى,·,21 International Coastal Rd,,Directions,,,,,,,,,,,,
https://www.google.com/maps/place/%D8%AF%D9%83%D8%AA%D9%88%D8%B1%D8%A9+%D9%85%D8%B1%D9%8A%D9%85+%D8%B9%D8%A8%D8%AF+%D8%A7%D9%84%D8%B9%D8%B2%D9%8A%D8%B2+%D8%A3%D8%AE%D8%B5%D8%A7%D8%A6%D9%8A%D8%A9+%D8%A7%D9%84%D8%A3%D9%85%D8%B1%D8%A7%D8%B6+%D8%A7%D9%84%D8%AC%D9%84%D8%AF%D9%8A%D8%A9+%D9%88%D8%A7%D9%84%D8%AA%D8%AC%D9%85%D9%8A%D9%84+%D9%88%D8%A7%D9%84%D9%84%D9%8A%D8%B2%D8%B1%E2%80%AD/data=!4m7!3m6!1s0x14f595003a0d34e5:0x282bc415c1f55903!8m2!3d31.0932046!4d29.7603466!16s%2Fg%2F11wwztldz1!19sChIJ5TQNOgCV9RQRA1n1wRXEKyg?authuser=0&hl=en&g_ep=EgoyMDI2MDkwOS4wIJJjKgBIAVAD&rclk=1,دكتورة مريم عبد العزيز أخصائية الأمراض الجلدية والتجميل والليزر,,5.0,(5),طبيب أمراض جلدية,·,Al Haded We Al Soulb,,Directions,دكتورة مريم عبد العزيز أخصائية الأمراض الجلدية والتجميل والليزر,Closed,· Opens 6 PM,·,012 00506765,On-site services,,,,,,
https://www.google.com/maps/place/%D8%AF%D9%83%D8%AA%D9%88%D8%B1+%D8%A5%D8%A8%D8%B1%D8%A7%D9%87%D9%8A%D9%85+%D9%81%D9%80%D8%B1%D8%AC+%D8%A7%D8%B3%D8%AA%D8%B4%D8%A7%D8%B1%D9%8A+%D8%A7%D9%84%D8%AC%D9%84%D8%AF%D9%8A%D8%A9+%D9%88%D8%A7%D9%84%D8%AA%D9%86%D8%A7%D8%B3%D9%84%D9%8A%D8%A9+%D9%88%D8%A7%D9%84%D8%B0%D9%83%D9%88%D8%B1%D8%A9+%D9%88%D8%AA%D8%AC%D9%85%D9%8A%D9%84+%D8%A7%D9%84%D8%AC%D9%84%D8%AF+%D8%B9%D9%8A%D8%A7%D8%AF%D8%A9+%D8%A7%D9%84%D8%B9%D8%AC%D9%85%D9%8A%E2%80%AD/data=!4m7!3m6!1s0x14f595781d960695:0xbc97bc9d66339a48!8m2!3d31.1025484!4d29.7772223!16s%2Fg%2F11tc4p197j!19sChIJlQaWHXiV9RQRSJozZp28l7w?authuser=0&hl=en&g_ep=EgoyMDI2MDkwOS4wIJJjKgBIAVAD&rclk=1,دكتور إبراهيم فـرج استشاري الجلدية والتناسلية والذكورة وتجميل الجلد عيادة العجمي,,4.3,(43),طبيب أمراض جلدية,·,·,,Directions,دكتور إبراهيم فـرج استشاري الجلدية والتناسلية والذكورة وتجميل الجلد عيادة العجمي,"صيدلية نهى, العجمي الطريق الرئيسي الاسكندريه مطروح أمام سنتر بولا للعب الأطفال أعلى, Al Daresa",Closed,· Opens 1 PM Wed,012 73547788,,,,,,,
https://www.google.com/maps/place/%D9%85%D8%B3%D8%AA%D8%B4%D9%81%D9%89+%D9%85%D8%A8%D8%B1%D8%A9+%D8%A7%D9%84%D8%B9%D8%B5%D8%A7%D9%81%D8%B1%D8%A9%E2%80%AD/data=!4m7!3m6!1s0x14f59384f048a451:0xcbbeed7912d364d0!8m2!3d31.0783283!4d29.7347994!16s%2Fg%2F1z44qts7x!19sChIJUaRI8IST9RQR0GTTEnntvss?authuser=0&hl=en&g_ep=EgoyMDI2MDkwOS4wIJJjKgBIAVAD&rclk=1,مستشفى مبرة العصافرة,,3.5,(932),مستشفى,·,·,,Website,مستشفى مبرة العصافرة,21 International Coastal Rd,Open 24 hours,·,0315016,,,https://mabaret-alasafra.com/,,Directions,,
https://www.google.com/maps/place/%D8%A7%D9%84%D8%AF%D9%83%D8%AA%D9%88%D8%B1+%D9%85%D8%AD%D9%85%D8%AF+%D8%AD%D8%B3%D9%86%E2%80%AD/data=!4m7!3m6!1s0x14f594ce3b0584b3:0x70d8d8083eb378d!8m2!3d31.1055008!4d29.7811879!16s%2Fg%2F11h3gpfyrt!19sChIJs4QFO86U9RQRjTfrg4CNDQc?authuser=0&hl=en&g_ep=EgoyMDI2MDkwOS4wIJJjKgBIAVAD&rclk=1,الدكتور محمد حسن,,5.0,(2),طبيب أمراض جلدية,·,,,Directions,الدكتور محمد حسن,"بجوار تبارك للبصريات الكيلو ١٦.٥, Alexandria Desert Rd",,,012 88339400,,,,,,,
https://www.google.com/maps/place/Dr+Hamdy+Elshennawy+Clinic/data=!4m7!3m6!1s0x14f595115d7cb2b5:0xaec64a5e524f8a9a!8m2!3d31.0987684!4d29.7716886!16s%2Fg%2F11jdbhgwtd!19sChIJtbJ8XRGV9RQRmopPUl5Kxq4?authuser=0&hl=en&g_ep=EgoyMDI2MDkwOS4wIJJjKgBIAVAD&rclk=1,Dr Hamdy Elshennawy Clinic,Dr Hamdy Elshennawy Clinic,3.0,(2),طبيب أمراض جلدية,·,3 El-Hag Eid Khair Allah No. 1,,Directions,,Closed,· Opens 5 PM,·,015 50178333,,,,,,,
https://www.google.com/maps/place/%D8%A7%D9%84%D8%A7%D8%B3%D8%AA%D8%A7%D8%B0+%D8%A7%D9%84%D8%AF%D9%83%D8%AA%D9%88%D8%B1+%D9%81%D9%8A%D8%B1%D9%88%D8%B2+%D8%A8%D8%AF%D8%B1%D8%A7%D9%86%E2%80%AD/data=!4m7!3m6!1s0x14f5952c6829d7f1:0x34d282eac286fb1f!8m2!3d31.1236588!4d29.7837605!16s%2Fg%2F1tjcrq23!19sChIJ8dcpaCyV9RQRH_uGwuqC0jQ?authuser=0&hl=en&g_ep=EgoyMDI2MDkwOS4wIJJjKgBIAVAD&rclk=1,الاستاذ الدكتور فيروز بدران,,3.7,(19),طبيب أمراض جلدية,·,·,,Directions,الاستاذ الدكتور فيروز بدران,,,83 El Bitash St.,03 3091224,,,,,,,
https://www.google.com/maps/place/%D8%A7%D9%84%D8%AF%D9%83%D8%AA%D9%88%D8%B1%D8%A9+%D9%86%D9%88%D8%B1+%D8%A7%D9%84%D9%87%D8%AF%D9%8A%E2%80%AD/data=!4m7!3m6!1s0x14f5957e70838925:0xca96216e93d7fdd7!8m2!3d31.0974165!4d29.7493804!16s%2Fg%2F11fjbl4wsy!19sChIJJYmDcH6V9RQR1_3Xk24hlso?authuser=0&hl=en&g_ep=EgoyMDI2MDkwOS4wIJJjKgBIAVAD&rclk=1,الدكتورة نور الهدي,,,,طبيب,·,"3PWX+XQ6, Abou Youssef",,Directions,الدكتورة نور الهدي,,,,,,,,,,No reviews,
https://www.google.com/maps/place/%D8%B9%D9%8A%D8%A7%D8%AF%D8%A9+%D8%A7%D9%84%D8%AC%D9%84%D8%AF%D9%8A%D8%A9+%D9%88%D8%A7%D9%84%D8%AA%D9%86%D8%A7%D8%B3%D9%84%D9%8A%D8%A9+%D9%88%D8%A7%D9%84%D8%AA%D8%BA%D8%B0%D9%8A%D8%A9+%D8%A7%D9%84%D8%B9%D9%84%D8%A7%D8%AC%D9%8A%D8%A9+%D8%AF%2F%D8%B9%D9%84%D9%89+%D8%B9%D8%B7%D9%8A%D9%87+%D8%B9%D9%84%D9%89%E2%80%AD/data=!4m7!3m6!1s0x14f5952c8efb3517:0xe9f62d175251ad00!8m2!3d31.1214071!4d29.7865282!16s%2Fg%2F11hyfj7sjt!19sChIJFzX7jiyV9RQRAK1RUhct9uk?authuser=0&hl=en&g_ep=EgoyMDI2MDkwOS4wIJJjKgBIAVAD&rclk=1,عيادة الجلدية والتناسلية والتغذية العلاجية د/على عطيه على,,3.7,(12),طبيب أمراض جلدية,·,·,,Directions,عيادة الجلدية والتناسلية والتغذية العلاجية د/على عطيه على,"4QCP+HJ6، شارع البيطاش الرئيسي أمام مطعم أسماك البحر, Al Bitash",Closed,· Opens 4 PM,012 28297510,,,,,,,
https://www.google.com/maps/place/%D8%B9%D9%8A%D8%A7%D8%AF%D9%87+%D8%A7%D9%84%D8%AF%D9%83%D8%AA%D9%88%D8%B1%D9%87+%D9%8A%D8%A7%D8%B3%D9%85%D9%8A%D9%86+%D8%A7%D9%84%D8%AD%D9%83%D9%8A%D9%85+%D8%A7%D8%AE%D8%B5%D8%A7%D8%A6%D9%8A%D9%87+%D8%A7%D9%84%D8%AC%D9%84%D8%AF%D9%8A%D9%87+%D9%88%D8%A7%D9%84%D8%AA%D8%AC%D9%85%D9%8A%D9%84+%D9%88%D8%A7%D9%84%D9%84%D9%8A%D8%B2%D8%B1+%D9%88%D8%A7%D9%84%D8%AA%D8%BA%D8%B0%D9%8A%D8%A9+%D8%A7%D9%84%D8%B9%D9%84%D8%A7%D8%AC%D9%8A%D9%87%E2%80%AD/data=!4m7!3m6!1s0x14f595275a7ed7b7:0x92b9e6195010e38e!8m2!3d31.1208902!4d29.7873419!16s%2Fg%2F11v5fc812z!19sChIJt9d-WieV9RQRjuMQUBnmuZI?authuser=0&hl=en&g_ep=EgoyMDI2MDkwOS4wIJJjKgBIAVAD&rclk=1,عياده الدكتوره ياسمين الحكيم اخصائيه الجلديه والتجميل والليزر والتغذية العلاجيه,,3.8,(5),طبيب أمراض جلدية,·,61 Al Bitash,,Directions,عياده الدكتوره ياسمين الحكيم اخصائيه الجلديه والتجميل والليزر والتغذية العلاجيه,Closed,· Opens 5 PM,·,03 3089217,,,,,,,
https://www.google.com/maps/place/%D8%AF%D9%83%D8%AA%D9%88%D8%B1+%2F+%D8%B9%D8%A7%D8%AF%D9%84+%D8%B9%D8%A8%D8%AF+%D8%A7%D9%84%D9%81%D8%AA%D8%A7%D8%AD%E2%80%AD/data=!4m7!3m6!1s0x14f5c357a2b14411:0x8e35550a57ca9c6f!8m2!3d31.120247!4d29.7873059!16s%2Fg%2F11rv1xngct!19sChIJEUSxolfD9RQRb5zKVwpVNY4?authuser=0&hl=en&g_ep=EgoyMDI2MDkwOS4wIJJjKgBIAVAD&rclk=1,دكتور / عادل عبد الفتاح,,5.0,(2),طبيب أمراض جلدية,·,Al Bitash,,Directions,دكتور / عادل عبد الفتاح,Closed,· Opens 6:30 PM,·,03 4352844,,,,,,,
https://www.google.com/maps/place/%D8%B9%D9%8A%D8%A7%D8%AF%D8%A7%D8%AA+%D8%A3%D8%AC%D9%8A%D8%A7%D8%AF+%D9%85%D9%83%D8%A9+%D8%A7%D9%84%D8%AA%D8%AE%D8%B5%D8%B5%D9%8A%D8%A9%E2%80%AD/data=!4m7!3m6!1s0x14f5951cf13a1c19:0xf571e14f299e14f!8m2!3d31.1053593!4d29.7650704!16s%2Fg%2F11x7s8h4yt!19sChIJGRw68RyV9RQRT-GZ8hQeVw8?authuser=0&hl=en&g_ep=EgoyMDI2MDkwOS4wIJJjKgBIAVAD&rclk=1,عيادات أجياد مكة التخصصية,,,,عيادة طبية,·,Al Hanouvel,,Directions,عيادات أجياد مكة التخصصية,Open 24 hours,,·,012 87179783,,,,,,No reviews,
https://www.google.com/maps/place/Royal+clinics+%D8%A7%D9%84%D8%B9%D9%8A%D8%A7%D8%AF%D8%A7%D8%AA+%D8%A7%D9%84%D9%85%D9%84%D9%83%D9%8A%D8%A9%E2%80%AD/data=!4m7!3m6!1s0x14f594c1beed5083:0xd787c3e31c4be44c!8m2!3d31.1028615!4d29.7674131!16s%2Fg%2F11gg6d4w8p!19sChIJg1DtvsGU9RQRTORLHOPDh9c?authuser=0&hl=en&g_ep=EgoyMDI2MDkwOS4wIJJjKgBIAVAD&rclk=1,Royal clinics العيادات الملكية,,4.6,(53),عيادة طبية,·,Elhanovel Road,,Directions,Royal clinics العيادات الملكية,Open,· Closes 11 PM,·,012 76742216,,,,,,,
https://www.google.com/maps/place/%D8%A7%D8%AE%D8%B5%D8%A7%D8%A6%D9%8A+%D8%A7%D9%85%D8%B1%D8%A7%D8%B6+%D8%AC%D9%84%D8%AF%D9%8A%D8%A9+%D9%88%D8%AA%D9%86%D8%A7%D8%B3%D9%84%D9%8A%D8%A9%D8%8C+%D8%A7%D9%84%D8%AF%D9%83%D8%AA%D9%88%D8%B1+%D8%AD%D8%B3%D8%A7%D9%85+%D8%A3%D8%A8%D9%88%D8%A5%D8%B3%D9%85%D8%A7%D8%B9%D9%8A%D9%84%E2%80%AD/data=!4m7!3m6!1s0x14f5ebeb9f712825:0xd090ff1e30e1876d!8m2!3d31.1313232!4d29.8199737!16s%2Fg%2F11ghs1k6mk!19sChIJJShxn-vr9RQRbYfhMB7_kNA?authuser=0&hl=en&g_ep=EgoyMDI2MDkwOS4wIJJjKgBIAVAD&rclk=1,اخصائي امراض جلدية وتناسلية، الدكتور حسام أبوإسماعيل,,5.0,(7),عيادة طبية,·,"الدخلية الاسكندريه Alexandria Governorate EG 21500, Dekhela",,Directions,اخصائي امراض جلدية وتناسلية، الدكتور حسام أبوإسماعيل,Closed,· Opens 7 PM,·,010 03601763,,,,,,,
https://www.google.com/maps/place/Ossama+El+Tayeby+Pharmacy/data=!4m7!3m6!1s0x14f5ea905ed5bc4d:0x79c1d785431fee4b!8m2!3d31.0820236!4d29.7314058!16s%2Fg%2F1v2sjbcg!19sChIJTbzVXpDq9RQRS-4fQ4XXwXk?authuser=0&hl=en&g_ep=EgoyMDI2MDkwOS4wIJJjKgBIAVAD&rclk=1,Ossama El Tayeby Pharmacy,Ossama El Tayeby Pharmacy,4.0,(44),صيدلية,·,,,Website,,,قرية النخيل,,03 3194343,Delivery,,https://taypharmacies.com/,,Directions,,
https://www.google.com/maps/place/%D8%AF%D9%83%D8%AA%D9%88%D8%B1+%D9%85%D8%AD%D9%85%D8%AF+%D9%85%D8%AD%D9%85%D9%88%D8%AF%E2%80%AD/data=!4m7!3m6!1s0x14f594c1a43fcca7:0xb7e474811c24955d!8m2!3d31.1005888!4d29.7694303!16s%2Fg%2F11h10_q50w!19sChIJp8w_pMGU9RQRXZUkHIF05Lc?authuser=0&hl=en&g_ep=EgoyMDI2MDkwOS4wIJJjKgBIAVAD&rclk=1,دكتور محمد محمود,,5.0,(2),جرَّاح,·,·,,Directions,دكتور محمد محمود,14 شارع الهانوفيل الرئيسي بجوار مدرسة الهانوفيل الخاصة (الضوي,Closed,· Opens 9 PM,010 01455530,,,,,,,
https://www.google.com/maps/place/%D8%AF%D9%83%D8%AA%D9%88%D8%B1+%D8%A3%D8%AD%D9%85%D8%AF+%D8%AD%D8%B3%D9%86+%D8%A5%D8%A8%D8%B1%D8%A7%D9%87%D9%8A%D9%85+%D8%A7%D8%B3%D8%AA%D8%B4%D8%A7%D8%B1%D9%8A+%D8%A7%D9%84%D8%AC%D9%84%D8%AF%D9%8A%D8%A9+%D9%88%D8%A7%D9%84%D9%84%D9%8A%D8%B2%D8%B1+%D9%88%D8%A7%D9%84%D8%AA%D8%AC%D9%85%D9%8A%D9%84+%D8%A7%D9%84%D9%88%D8%B1%D8%AF%D9%8A%D8%A7%D9%86%E2%80%AD/data=!4m7!3m6!1s0x14f5c1854ed27915:0xdf1c3658cb311a75!8m2!3d31.1679144!4d29.870428!16s%2Fg%2F11cny1g7qx!19sChIJFXnSToXB9RQRdRoxy1g2HN8?authuser=0&hl=en&g_ep=EgoyMDI2MDkwOS4wIJJjKgBIAVAD&rclk=1,دكتور أحمد حسن إبراهيم استشاري الجلدية والليزر والتجميل الورديان,,4.6,(17),طبيب أمراض جلدية,·,·,,Directions,دكتور أحمد حسن إبراهيم استشاري الجلدية والليزر والتجميل الورديان,Closed,· Opens 5 PM Wed,25 Al Sheikh Yousf,011 41341475,,,,,,,·
https://www.google.com/maps/place/%D8%A7%D9%84%D8%B9%D8%AC%D9%85%D9%8A+%D8%A7%D9%84%D8%AF%D8%B1%D8%A7%D9%8A%D8%B3%D9%87+%D8%A3%D9%85%D9%80%D8%A7%D9%85+%D9%85%D9%80%D8%B9%D9%80%D9%85%D9%80%D9%84+%D8%A3%D9%84%D9%80%D9%81%D9%80%D8%A7%E2%80%AD/data=!4m7!3m6!1s0x14f5950037578ec9:0x5455d6547319a293!8m2!3d31.10301!4d29.77798!16s%2Fg%2F11wmy__npk!19sChIJyY5XNwCV9RQRk6IZc1TWVVQ?authuser=0&hl=en&g_ep=EgoyMDI2MDkwOS4wIJJjKgBIAVAD&rclk=1,العجمي الدرايسه أمـام مـعـمـل ألـفـا,,,,طبيب أمراض جلدية,·,,,Directions,العجمي الدرايسه أمـام مـعـمـل ألـفـا,"4Q3H+655 أمـام مـعـمـل ألـفـا, Al Daresa",,,,,,,,,No reviews,
https://www.google.com/maps/place/%D8%B9%D9%8A%D8%A7%D8%AF%D8%A9+%D8%AF.+%D9%86%D8%AC%D9%84%D8%A7%D8%A1+%D9%81%D8%AA%D8%AD%D9%8A+Dr+%2F+Naglaa+Fathi+GastroClinic%E2%80%AD/data=!4m7!3m6!1s0x14f595a6f531a8ef:0xb7e6d5064be5b648!8m2!3d31.1004892!4d29.7737258!16s%2Fg%2F11sbz68s6h!19sChIJ76gx9aaV9RQRSLblSwbV5rc?authuser=0&hl=en&g_ep=EgoyMDI2MDkwOS4wIJJjKgBIAVAD&rclk=1,عيادة د. نجلاء فتحي Dr / Naglaa Fathi GastroClinic,,4.8,(57),عيادة طبية,·,·,,Website,عيادة د. نجلاء فتحي Dr / Naglaa Fathi GastroClinic,Closed,"اعلي محل ابو هندية للاحذية، دوران كلاسيك, Al Hanouvel",· Opens 6 PM,012 02438432,,,https://www.facebook.com/Dr.naglaa.fathi.clinic?mibextid=ZbWKwL,,Directions,,
https://www.google.com/maps/place/Dr.+El+Sayeda+Taha/data=!4m7!3m6!1s0x14f5c3f31fd9f4a7:0x4ea72141882e5106!8m2!3d31.1994277!4d29.9035743!16s%2Fg%2F11fd56bsv_!19sChIJp_TZH_PD9RQRBlEuiEEhp04?authuser=0&hl=en&g_ep=EgoyMDI2MDkwOS4wIJJjKgBIAVAD&rclk=1,Dr. El Sayeda Taha,Dr. El Sayeda Taha,4.3,(31),طبيب أمراض جلدية,·,8 Salah Mostafa,,Directions,,Open 24 hours,,·,012 05648557,,,,,,,
https://www.google.com/maps/place/%D9%85%D8%B1%D9%83%D8%B2+%D8%A7%D9%84%D8%B7%D9%84%D8%AE%D8%A7%D9%88%D9%8A+%D8%A7%D9%84%D8%B7%D8%A8%D9%8A%E2%80%AD/data=!4m7!3m6!1s0x14f59533d82840ef:0xae64182121eafca9!8m2!3d31.1216929!4d29.7852256!16s%2Fg%2F11tjwb1spf!19sChIJ70Ao2DOV9RQRqfzqISEYZK4?authuser=0&hl=en&g_ep=EgoyMDI2MDkwOS4wIJJjKgBIAVAD&rclk=1,مركز الطلخاوي الطبي,,4.0,(63),طبيب أمراض جلدية,·,·,,Website,مركز الطلخاوي الطبي,"خلف جزارة الطلخاوى, أول شارع أولاد منصورناصية, Al Bitash",Closed,· Opens 10 AM,012 88837111,,,https://www.facebook.com/eltalkhawyclinics,,Directions,,
https://www.google.com/maps/place/%D8%B9%D9%8A%D8%A7%D8%AF%D8%A9+%D8%A7%D9%84%D8%AD%D9%8A%D8%A7%D8%A9%E2%80%AD/data=!4m7!3m6!1s0x14f5953066f9de17:0x9bf91760043e4b76!8m2!3d31.1298874!4d29.7785245!16s%2Fg%2F11h48xj_zq!19sChIJF975ZjCV9RQRdks-BGAX-Zs?authuser=0&hl=en&g_ep=EgoyMDI2MDkwOS4wIJJjKgBIAVAD&rclk=1,عيادة الحياة,,5.0,(2),طبيب باطنه,·,·,,Directions,عيادة الحياة,"شارع الملاهي متفرع من, Al Bitash",Closed,· Opens 9 AM,03 4141159,,,,,,,
https://www.google.com/maps/place/Sparkle+Clinics+-+Ajami+Bitash+Branch/data=!4m7!3m6!1s0x14f5eb336ffc633f:0x94a1052c3877201d!8m2!3d31.1156472!4d29.7937796!16s%2Fg%2F11tfhsyw_6!19sChIJP2P8bzPr9RQRHSB3OCwFoZQ?authuser=0&hl=en&g_ep=EgoyMDI2MDkwOS4wIJJjKgBIAVAD&rclk=1,Sparkle Clinics - Ajami Bitash Branch,Sparkle Clinics - Ajami Bitash Branch,2.6,(5),طبيب أمراض جلدية,·,·,,Website,,"أول مدخل البيطاش الرئيسي ، فوق حلواني, Alaa El-Deen",Closed,· Opens 10 AM,012 71979100,,,https://www.facebook.com/SparkleClinicsAlexandria/,,Directions,,
https://www.google.com/maps/place/dermatologist+%D8%B9%D9%8A%D8%A7%D8%AF%D8%A9+%D8%A7%D9%84%D8%AF%D9%83%D8%AA%D9%88%D8%B1+%D9%85%D8%AD%D9%8A+%D8%A7%D9%84%D8%AF%D9%8A%D9%86+%D8%AD%D8%B3%D9%86+%D8%B9%D9%84%D9%89+%D9%84%D9%84%D8%A7%D9%85%D8%B1%D8%A7%D8%B6+%D8%A7%D9%84%D8%AC%D9%84%D8%AF%D9%8A%D8%A9+%D9%88+%D8%A7%D9%84%D8%AA%D9%86%D8%A7%D8%B3%D9%84%D9%8A%D8%A9+%D9%88+%D8%B9%D9%82%D9%85+%D8%A7%D9%84%D8%B1%D8%AC%D8%A7%D9%84%E2%80%AD/data=!4m7!3m6!1s0x14f5c1fe1a619203:0xb51b9e50e56c3936!8m2!3d31.203013!4d29.8752911!16s%2Fg%2F11hytgvg7x!19sChIJA5JhGv7B9RQRNjls5VCeG7U?authuser=0&hl=en&g_ep=EgoyMDI2MDkwOS4wIJJjKgBIAVAD&rclk=1,dermatologist عيادة الدكتور محي الدين حسن على للامراض الجلدية و التناسلية و عقم الرجال,,4.5,(10),طبيب أمراض جلدية,·,·,,Directions,dermatologist عيادة الدكتور محي الدين حسن على للامراض الجلدية و التناسلية و عقم الرجال,"خلف الشيخ وفيق للحلويات, Ibn Al Frat",Closed,· Opens 3 PM,011 29045162,,,,,,,
https://www.google.com/maps/place/%D8%B9%D9%8A%D8%A7%D8%AF%D8%A9+%D8%AF.+%D9%85%D9%86%D8%A7%D9%84+%D9%85%D8%AC%D8%AF%D9%8A+%D8%BA%D8%A7%D9%86%D9%85%E2%80%AD/data=!4m7!3m6!1s0x14f5c5522f59af31:0x4f80c731ad77e431!8m2!3d31.2119318!4d29.9412393!16s%2Fg%2F11yz1p7zl4!19sChIJMa9ZL1LF9RQRMeR3rTHHgE8?authuser=0&hl=en&g_ep=EgoyMDI2MDkwOS4wIJJjKgBIAVAD&rclk=1,عيادة د. منال مجدي غانم,,4.9,(77),طبيب أمراض جلدية,·,14 ش Kamal El-Deen Salah,,Website,عيادة د. منال مجدي غانم,Closed,· Opens 4 PM,·,010 70874335,,,https://www.instagram.com/dr.manal_magdy/,,Directions,,
https://www.google.com/maps/place/%D8%AF%D9%83%D8%AA%D9%88%D8%B1+%D8%A5%D8%A8%D8%B1%D8%A7%D9%87%D9%8A%D9%85+%D9%81%D9%80%D8%B1%D8%AC+%D8%A7%D8%B3%D8%AA%D8%B4%D8%A7%D8%B1%D9%8A+%D8%A7%D9%84%D8%AC%D9%84%D8%AF%D9%8A%D8%A9+%D9%88%D8%A7%D9%84%D8%AA%D9%86%D8%A7%D8%B3%D9%84%D9%8A%D8%A9+%D9%88%D8%A7%D9%84%D8%B0%D9%83%D9%88%D8%B1%D8%A9+%D9%88%D8%AA%D8%AC%D9%85%D9%8A%D9%84+%D8%A7%D9%84%D8%AC%D9%84%D8%AF+%D8%B9%D9%8A%D8%A7%D8%AF%D8%A9+%D8%AC%D9%86%D8%A7%D9%83%D9%84%D9%8A%D8%B3%E2%80%AD/data=!4m7!3m6!1s0x14f5c5007a8ad171:0xd1b1ec1adae184c!8m2!3d31.2419711!4d29.9685201!16s%2Fg%2F11td4d34ql!19sChIJcdGKegDF9RQRTBiurcEeGw0?authuser=0&hl=en&g_ep=EgoyMDI2MDkwOS4wIJJjKgBIAVAD&rclk=1,دكتور إبراهيم فـرج استشاري الجلدية والتناسلية والذكورة وتجميل الجلد عيادة جناكليس,,4.5,(53),طبيب أمراض جلدية,·,·,,Directions,دكتور إبراهيم فـرج استشاري الجلدية والتناسلية والذكورة وتجميل الجلد عيادة جناكليس,"مؤسسة السَلّاَبْ, جناكليس 633 شارع أبو قير أبراج الزراعيين برج رقم ثلاثة, حارة إمام",Closed,· Opens 1 PM,012 12014514,,,,,,,
https://www.google.com/maps/place/%D8%B9%D9%8A%D8%A7%D8%AF%D8%A9+%D8%AF.%D8%AC%D9%8A%D9%87%D8%A7%D9%86+%D8%A8%D8%B1%D9%83%D8%A7%D8%AA+%28+%D8%A7%D8%B3%D8%AA%D8%B4%D8%A7%D8%B1%D9%89+%D8%AC%D9%84%D8%AF%D9%8A%D9%87%29%E2%80%AD/data=!4m7!3m6!1s0x14f5c3abd7f1a301:0x2a26950cc2ad9a8d!8m2!3d31.2044101!4d29.90531!16s%2Fg%2F11pdy0tg55!19sChIJAaPx16vD9RQRjZqtwgyVJio?authuser=0&hl=en&g_ep=EgoyMDI2MDkwOS4wIJJjKgBIAVAD&rclk=1,عيادة د.جيهان بركات ( استشارى جلديه),,4.6,(18),طبيب أمراض جلدية,·,·,,Directions,عيادة د.جيهان بركات ( استشارى جلديه),"6 شارع محمد موسى خلف مسرح محمد عبد الوهاب،, Mahta Al Raml Sq.",Closed,· Opens 2 PM,03 4844097,,,,,,,
https://www.google.com/maps/place/%D8%AF+%D8%A7%D9%8A%D9%85%D8%A7%D9%86+%D9%81%D9%84%D9%8A%D9%81%D9%84+%D8%A3%D8%AE%D8%B5%D8%A7%D8%A6%D9%8A+%D8%A7%D9%84%D8%AC%D9%84%D8%AF%D9%8A%D8%A9+%D9%88+%D8%AA%D8%AC%D9%85%D9%8A%D9%84+%D8%A7%D9%84%D8%A8%D8%B4%D8%B1%D8%A9%E2%80%AD/data=!4m7!3m6!1s0x14f5ed007fa217c1:0x146524b7233804d6!8m2!3d31.0168482!4d29.796083!16s%2Fg%2F11x21kpd6y!19sChIJwReifwDt9RQR1gQ4I7ckZRQ?authuser=0&hl=en&g_ep=EgoyMDI2MDkwOS4wIJJjKgBIAVAD&rclk=1,د ايمان فليفل أخصائي الجلدية و تجميل البشرة,,5.0,(5),طبيب أمراض جلدية,·,·,,Directions,د ايمان فليفل أخصائي الجلدية و تجميل البشرة,مع السكة الحديد* مول عمر المختار ٢*، تقاطع كوبرى الصحراوى,Closed,· Opens 12 PM Wed,015 54520192,,,,,,,
https://www.google.com/maps/place/%D8%AF%D9%83%D8%AA%D9%88%D8%B1+%D8%A7%D9%84%D8%B3%D9%8A%D8%AF+%D8%B3%D9%84%D8%A7%D9%85%D9%87%E2%80%AD/data=!4m7!3m6!1s0x14f5c3e280cd3897:0xfbd9b0bf526f5a68!8m2!3d31.2032125!4d29.8818581!16s%2Fg%2F11h70j8sfv!19sChIJlzjNgOLD9RQRaFpvUr-w2fs?authuser=0&hl=en&g_ep=EgoyMDI2MDkwOS4wIJJjKgBIAVAD&rclk=1,دكتور السيد سلامه,,3.8,(12),طبيب أمراض جلدية,·,·,,Website,دكتور السيد سلامه,"6V3J+7PQ, ش سيد",Closed,· Opens 5 PM,012 23585156,,,https://addarea.com/addarea/page/217339/%D8%AF.-%D8%A7%D9%84%D8%B3%D9%8A%D8%AF-%D8%B3%D9%84%D8%A7%D9%85%D8%A9/,,Directions,,
https://www.google.com/maps/place/%D8%B9%D9%8A%D8%A7%D8%AF%D8%A9+%D8%AF.%D9%85%D8%AD%D9%85%D8%AF+%D8%AD%D8%AC%D8%A7%D8%B2%D9%8A+%D8%AC%D9%84%D8%AF%D9%8A%D8%A9+%D9%88+%D8%AA%D8%AC%D9%85%D9%8A%D9%84%E2%80%AD/data=!4m7!3m6!1s0x14f5c51d379f0c7f:0x226f652a6e189828!8m2!3d31.2160971!4d29.9439702!16s%2Fg%2F11nxsjk87c!19sChIJfwyfNx3F9RQRKJgYbiplbyI?authuser=0&hl=en&g_ep=EgoyMDI2MDkwOS4wIJJjKgBIAVAD&rclk=1,عيادة د.محمد حجازي جلدية و تجميل,,4.9,(65),طبيب أمراض جلدية,·,"32T Moustafa Kamel, street",,Directions,عيادة د.محمد حجازي جلدية و تجميل,Closed,· Opens 12 PM,·,012 81575455,,,,,,,
https://www.google.com/maps/place/%D8%B9%D9%8A%D8%A7%D8%AF%D8%A9+%D8%A7%D9%84%D8%AF%D9%83%D8%AA%D9%88%D8%B1+%D8%B9%D8%A8%D8%AF+%D8%A7%D9%84%D8%B1%D8%AD%D9%85%D9%86+%D8%AD%D8%B4%D9%8A%D8%B4%E2%80%AD/data=!4m7!3m6!1s0x14f594c73dc5efdb:0x6aedb459702a5fa5!8m2!3d31.099682!4d29.7729065!16s%2Fg%2F11h0b488vg!19sChIJ2-_FPceU9RQRpV8qcFm07Wo?authuser=0&hl=en&g_ep=EgoyMDI2MDkwOS4wIJJjKgBIAVAD&rclk=1,عيادة الدكتور عبد الرحمن حشيش,,5.0,(11),عِيادة أسنان,·,·,,Directions,عيادة الدكتور عبد الرحمن حشيش,بلاك فورست، شارع اسكندرية مطروح، أمام كافور الهانوفيل، بجوار,Closed,· Opens 5 PM,03 3028181,,,,,,,
https://www.google.com/maps/place/Dr.+Ola+El+Kamshoushi+%D8%AF%D9%83%D8%AA%D9%88%D8%B1%D9%87+%D8%B9%D9%84%D8%A7+%D8%A7%D9%84%D9%83%D9%85%D8%B4%D9%88%D8%B4%D9%8A%E2%80%AD/data=!4m7!3m6!1s0x14f5c38df19beaef:0xc3ed118e985652f2!8m2!3d31.2241349!4d29.9463956!16s%2Fg%2F11b5pj0hjg!19sChIJ7-qb8Y3D9RQR8lJWmI4R7cM?authuser=0&hl=en&g_ep=EgoyMDI2MDkwOS4wIJJjKgBIAVAD&rclk=1,Dr. Ola El Kamshoushi دكتوره علا الكمشوشي,,4.7,(205),طبيب أمراض جلدية,·,·,,Directions,Dr. Ola El Kamshoushi دكتوره علا الكمشوشي,"398 طريق الحرية, El Qasem",Closed,· Opens 10 AM Wed,011 18289899,,,,,,,
"https://www.google.com/maps/place/Alexandria,Sidi+gaber+Elmoshir+st/data=!4m7!3m6!1s0x14f5c4ecd79e5b0d:0x8f8ae4d7e20da5f7!8m2!3d31.2220665!4d29.9424239!16s%2Fg%2F11h3ldqxfp!19sChIJDVue1-zE9RQR96UN4tfkio8?authuser=0&hl=en&g_ep=EgoyMDI2MDkwOS4wIJJjKgBIAVAD&rclk=1","Alexandria,Sidi gaber Elmoshir st","Alexandria,Sidi gaber Elmoshir st",4.7,(45),طبيب أمراض جلدية,·,·,,Directions,,"شارع ابن شعبة متفرع من, El-Mosheer Ahmed Ismail",Closed,· Opens 6 PM,010 09876270,,,,,,,
https://www.google.com/maps/place/Dr+ehab+wadie/data=!4m7!3m6!1s0x14f5c315e868c791:0xf335df158079313c!8m2!3d31.19188!4d29.9106311!16s%2Fg%2F11h71dr3zm!19sChIJkcdo6BXD9RQRPDF5gBXfNfM?authuser=0&hl=en&g_ep=EgoyMDI2MDkwOS4wIJJjKgBIAVAD&rclk=1,Dr ehab wadie,Dr ehab wadie,3.0,(4),طبيب أمراض جلدية,·,"46 moharem bek, street",,Directions,,Open 24 hours,,·,012 27193295,,,,,,,
https://www.google.com/maps/place/Doctor+Osama+Sorour+Clinic/data=!4m7!3m6!1s0x14f5c3e5ab54b5b5:0x5d3fbb85ff6db72d!8m2!3d31.206066!4d29.9068061!16s%2Fg%2F1tjxns9r!19sChIJtbVUq-XD9RQRLbdt_4W7P10?authuser=0&hl=en&g_ep=EgoyMDI2MDkwOS4wIJJjKgBIAVAD&rclk=1,Doctor Osama Sorour Clinic,Doctor Osama Sorour Clinic,4.4,(14),طبيب أمراض جلدية,·,33 Abd El-Hameed Badawi,,Website,,Closed,· Opens 3 PM,·,012 77875463,,,https://f7ola.com/,,Directions,,
https://www.google.com/maps/place/Dr.+Wagdy+Nader+Clinic/data=!4m7!3m6!1s0x14f5c3f299d77535:0x74a617ca51b8ad1b!8m2!3d31.2011949!4d29.9029472!16s%2Fg%2F11f30mf182!19sChIJNXXXmfLD9RQRG624UcoXpnQ?authuser=0&hl=en&g_ep=EgoyMDI2MDkwOS4wIJJjKgBIAVAD&rclk=1,Dr. Wagdy Nader Clinic,Dr. Wagdy Nader Clinic,3.2,(36),عيادة متخصصة,·,"6W23+F5G, Kolayet Al Teb",,Website,,Closed,· Opens 10 AM,·,03 4845888,,,https://www.yellowpages.com.eg/ar/profile/%D8%AF.-%D9%88%D8%AC%D8%AF%D9%89-%D9%86%D8%A7%D8%AF%D8%B1/302064,,Directions,,
https://www.google.com/maps/place/%D8%A7%D9%84%D8%AF%D9%83%D8%AA%D9%88%D8%B1%D9%87+%D8%A3%D9%85%D9%86%D9%8A%D8%A9+%D8%A7%D9%84%D8%B9%D8%A8%D8%AF+%D8%A3%D8%AE%D8%B5%D8%A7%D8%A6%D9%89+%D8%AC%D9%84%D8%AF%D9%8A%D9%87+%D9%88+%D8%AA%D8%AC%D9%85%D9%8A%D9%84+%D9%88+%D9%84%D9%8A%D8%B2%D8%B1%E2%80%AD/data=!4m7!3m6!1s0x14f5c37b5db80ae5:0xd53f904841eff25d!8m2!3d31.2257443!4d29.9481895!16s%2Fg%2F11h3_t970r!19sChIJ5Qq4XXvD9RQRXfLvQUiQP9U?authuser=0&hl=en&g_ep=EgoyMDI2MDkwOS4wIJJjKgBIAVAD&rclk=1,الدكتوره أمنية العبد أخصائى جلديه و تجميل و ليزر,,4.6,(110),طبيب أمراض جلدية,·,·,,Website,الدكتوره أمنية العبد أخصائى جلديه و تجميل و ليزر,"بجوار هيرتيدج (عمارة العفاريت سابقا، ٤١٠ طريق الحريه, Roushdy",Closed,· Opens 3 PM,012 05051324,,,https://www.facebook.com/Dr.omniaelabd/,,Directions,,
https://www.google.com/maps/place/Leather+Mina+onions/data=!4m7!3m6!1s0x14f5c3db189ad9a3:0x9f5edd8a2e3e3bc!8m2!3d31.1854583!4d29.8916092!16s%2Fg%2F11c32cct4n!19sChIJo9maGNvD9RQRvOPjotjt9Qk?authuser=0&hl=en&g_ep=EgoyMDI2MDkwOS4wIJJjKgBIAVAD&rclk=1,Leather Mina onions,Leather Mina onions,3.9,(35),طبيب أمراض جلدية,·,25 Ibn Toloon,,Directions,,Closed,· Opens 8 AM,·,03 3629704,,,,,,,
https://www.google.com/maps/place/ELSaadany+Medical+Center/data=!4m7!3m6!1s0x14f5c18bc9d0b98b:0xe555a48c93a1ce3a!8m2!3d31.1648668!4d29.8656814!16s%2Fg%2F11n04pygc1!19sChIJi7nQyYvB9RQROs6hk4ykVeU?authuser=0&hl=en&g_ep=EgoyMDI2MDkwOS4wIJJjKgBIAVAD&rclk=1,ELSaadany Medical Center,ELSaadany Medical Center,,,طبيب أمراض جلدية,·,·,,Directions,,163 شارع المكس، الورديان،,Closed,· Opens 12 PM,012 88112667,,,,,,No reviews,
https://www.google.com/maps/place/%D8%A7%D9%84%D8%B9%D9%8A%D8%A7%D8%AF%D8%A9+%D8%A7%D9%84%D8%AC%D9%84%D8%AF%D9%8A%D9%87+%D8%A8%D9%85%D9%8A%D9%86%D8%A7+%D8%A7%D9%84%D8%A8%D8%B5%D9%84%E2%80%AD/data=!4m7!3m6!1s0x14f5c3db19565617:0x5dbfc0983c3fec37!8m2!3d31.1855327!4d29.8912664!16s%2Fg%2F11crxw9m_n!19sChIJF1ZWGdvD9RQRN-w_PJjAv10?authuser=0&hl=en&g_ep=EgoyMDI2MDkwOS4wIJJjKgBIAVAD&rclk=1,العيادة الجلديه بمينا البصل,,4.3,(4),مستشفى,·,21-25 Ibn Toloon,,Directions,العيادة الجلديه بمينا البصل,Closed,· Opens 8 AM,·,03 3629704,,,,,,,
https://www.google.com/maps/place/%D8%B5%D9%8A%D8%AF%D9%84%D9%8A%D8%A9+%D8%AF+%D8%A3%D8%B3%D8%A7%D9%85%D9%87+%D8%A7%D9%84%D8%B7%D9%8A%D8%A8%D9%89%E2%80%AD/data=!4m7!3m6!1s0x14f5955fc43c38e5:0xcf854461f4fa5b43!8m2!3d31.0893042!4d29.7297351!16s%2Fg%2F11h03f7ltb!19sChIJ5Tg8xF-V9RQRQ1v69GFEhc8?authuser=0&hl=en&g_ep=EgoyMDI2MDkwOS4wIJJjKgBIAVAD&rclk=1,صيدلية د أسامه الطيبى,,3.6,(17),صيدلية,·,,,Website,صيدلية د أسامه الطيبى,شاطئ النخيل شارع 27 بين 14 و 16,,,010 66674761,Delivery,,http://taypharmacies.com/,,Directions,,
https://www.google.com/maps/place/%D8%AF%D9%83%D8%AA%D9%88%D8%B1+%D8%B9%D9%85%D8%B1%D9%88+%D8%AD%D8%B3%D9%86+%D8%B9%D8%A7%D9%81%D9%8A%D8%A9%E2%80%AD/data=!4m7!3m6!1s0x14f5c397252fb99b:0x87c8fcf402cc045d!8m2!3d31.1916279!4d29.9140812!16s%2Fg%2F1tdhws0n!19sChIJm7kvJZfD9RQRXQTMAvT8yIc?authuser=0&hl=en&g_ep=EgoyMDI2MDkwOS4wIJJjKgBIAVAD&rclk=1,دكتور عمرو حسن عافية,,4.7,(14),عيادة طبية,·,5WR7+MJ4,,Directions,دكتور عمرو حسن عافية,,,,03 3922662,,,,,,,
https://www.google.com/maps/place/%D8%AF%D9%83%D8%AA%D9%88%D8%B1+%D8%A3%D8%AD%D9%85%D8%AF+%D8%A7%D9%84%D8%B3%D8%B9%D8%AF%D9%86%D9%89%E2%80%AD/data=!4m7!3m6!1s0x14f5c1916cf2dac7:0xf884dd05d6476e77!8m2!3d31.1640564!4d29.8660651!16s%2Fg%2F11h3yzmtlj!19sChIJx9rybJHB9RQRd25H1gXdhPg?authuser=0&hl=en&g_ep=EgoyMDI2MDkwOS4wIJJjKgBIAVAD&rclk=1,دكتور أحمد السعدنى,,5.0,(1),أخصائي الطب الجنسي,·,·,,Directions,دكتور أحمد السعدنى,٢٦ شارع الورديان الصنيه متفرع من شارع,Closed,· Opens 4 PM,03 4441261,,,,,,,
https://www.google.com/maps/place/%D8%AF.+%D9%88%D9%84%D8%A7%D8%A1+%D8%AD%D9%85%D8%B2%D8%A7%D9%88%D9%89%E2%80%AD/data=!4m7!3m6!1s0x14f5ea9047dce8a1:0x1989b1d40be043eb!8m2!3d31.1355715!4d29.822168!16s%2Fg%2F11g0464y3b!19sChIJoejcR5Dq9RQR60PgC9SxiRk?authuser=0&hl=en&g_ep=EgoyMDI2MDkwOS4wIJJjKgBIAVAD&rclk=1,د. ولاء حمزاوى,,,,طبيب أمراض جلدية,·,Vectoria,,Directions,د. ولاء حمزاوى,,,,010 22275088,,,,,,No reviews,
https://www.google.com/maps/place/%D8%B9%D9%8A%D8%A7%D8%AF%D8%A9+%D8%AF+%D9%85%D8%AC%D8%AF%D9%89+%D8%B9%D8%B4%D9%85%D8%A7%D9%88%D9%89%E2%80%AD/data=!4m7!3m6!1s0x14f5ed00673ac5cf:0xedb7dd701e8cd0f!8m2!3d31.0062465!4d29.8077016!16s%2Fg%2F11zdbsrc22!19sChIJz8U6ZwDt9RQRD83oAdd92w4?authuser=0&hl=en&g_ep=EgoyMDI2MDkwOS4wIJJjKgBIAVAD&rclk=1,عيادة د مجدى عشماوى,,,,طبيب أمراض جلدية,·,,,Directions,عيادة د مجدى عشماوى,78 مسجد الايمان,,,,,,,,,No reviews,
https://www.google.com/maps/place/%D8%B9%D9%8A%D8%A7%D8%AF%D8%A9+%D8%AF.%D9%88%D9%84%D8%A7%D8%A1+%D9%85%D9%86%D8%B5%D9%88%D8%B1+%D8%A3%D8%AE%D8%B5%D8%A7%D8%A6%D9%8A%D8%A9+%D8%A7%D9%84%D8%AC%D9%84%D8%AF%D9%8A%D8%A9+%D9%88%D8%A7%D9%84%D8%AA%D8%AC%D9%85%D9%8A%D9%84+%D9%88%D8%A7%D9%84%D9%84%D9%8A%D8%B2%D8%B1%E2%80%AD/data=!4m7!3m6!1s0x14f5c579f8cdc885:0xabc3f9c86844dfb!8m2!3d26.1992344!4d50.1650547!16s%2Fg%2F11trdx390l!19sChIJhcjN-HnF9RQR-02Ehpw_vAo?authuser=0&hl=en&g_ep=EgoyMDI2MDkwOS4wIJJjKgBIAVAD&rclk=1,عيادة د.ولاء منصور أخصائية الجلدية والتجميل والليزر,,4.9,(102),طبيب أمراض جلدية,,,,Directions,عيادة د.ولاء منصور أخصائية الجلدية والتجميل والليزر,,,,015 51016996,,,,,,,
https://www.google.com/maps/place/Abou+Hendeya+Hospital/data=!4m7!3m6!1s0x14f594b8cd1f608f:0xd008028537d75eda!8m2!3d31.0964702!4d29.7716476!16s%2Fg%2F11b5phs02b!19sChIJj2AfzbiU9RQR2l7XN4UCCNA?authuser=0&hl=en&g_ep=EgoyMDI2MDkwOS4wIJJjKgBIAVAD&rclk=1,Abou Hendeya Hospital,Abou Hendeya Hospital,2.2,(25),مستشفى خاصة,·,·,,Website,,مسجد أبو ذر الغفاري،,Open 24 hours,·,03 4344612,,,https://www.yellowpages.com.eg/ar/profile/%D9%85%D8%B3%D8%AA%D8%B4%D9%81%D9%89-%D8%A7%D8%A8%D9%88-%D9%87%D9%86%D8%AF%D9%8A%D8%A9/27496,,Directions,,
https://www.google.com/maps/place/Dr.+Sami+Abdel+Hamid+Abou+Zeid/data=!4m7!3m6!1s0x14f5dad28f33e327:0xe1e9f592c08f07e2!8m2!3d31.200469!4d29.900491!16s%2Fg%2F1tr6ck8d!19sChIJJ-Mzj9La9RQR4gePwJL16eE?authuser=0&hl=en&g_ep=EgoyMDI2MDkwOS4wIJJjKgBIAVAD&rclk=1,Dr. Sami Abdel Hamid Abou Zeid,Dr. Sami Abdel Hamid Abou Zeid,4.2,(17),عيادة طبية,·,59 Saad Zaghloul,,Directions,,Closed,· Opens 9 AM,·,03 4869223,,,,,,,
https://www.google.com/maps/place/%D8%B9%D9%8A%D8%A7%D8%AF%D8%A9+%D8%AF+%D8%A3%D9%85%D8%A7%D9%86%D9%8A+%D9%86%D8%AC%D9%8A%D8%A8+%D9%84%D9%84%D8%A3%D9%85%D8%B1%D8%A7%D8%B6+%D8%A7%D9%84%D8%AC%D9%84%D8%AF%D9%8A%D8%A9+%D9%88%D8%A7%D9%84%D8%AA%D8%AC%D9%85%D9%8A%D9%84%E2%80%AD/data=!4m7!3m6!1s0x14f5d10019751237:0xab758c150e694df2!8m2!3d31.2697091!4d30.0056376!16s%2Fg%2F11y_2fxzy8!19sChIJNxJ1GQDR9RQR8k1pDhWMdas?authuser=0&hl=en&g_ep=EgoyMDI2MDkwOS4wIJJjKgBIAVAD&rclk=1,عيادة د أماني نجيب للأمراض الجلدية والتجميل,,4.9,(29),طبيب أمراض جلدية,·,7294+V7J,,Directions,عيادة د أماني نجيب للأمراض الجلدية والتجميل,Closed,· Opens 5 PM,·,010 29008874,,,,,,,
https://www.google.com/maps/place/%D8%AF%D9%83%D8%AA%D9%88%D8%B1+%D8%AC%D9%85%D8%A7%D9%84+%D8%A7%D9%84%D8%AD%D8%AF%D8%A7%D8%AF+%D8%A7%D8%B3%D8%AA%D8%B4%D8%A7%D8%B1%D9%89+%D8%A7%D9%84%D8%AC%D9%84%D8%AF%D9%8A%D9%87+%D9%88%D8%AA%D8%B1%D9%85%D9%8A%D9%85+%D8%A7%D9%84%D8%AC%D9%84%D8%AF+%D9%88%D8%A7%D9%84%D8%A8%D8%B4%D8%B1%D9%87+%D9%88%D8%A7%D9%84%D9%84%D9%8A%D8%B2%D8%B1+%D8%A7%D9%84%D8%A7%D8%B3%D9%83%D9%86%D8%AF%D8%B1%D9%8A%D9%87+%D8%A7%D9%84%D9%82%D8%A7%D9%87%D8%B1%D9%87+%D8%A7%D9%84%D9%83%D9%88%D9%8A%D8%AA+Dermatologist%E2%80%AD/data=!4m7!3m6!1s0x14f5c4914ccdf34f:0x716aad848a2ff591!8m2!3d31.2150185!4d29.9452765!16s%2Fg%2F11d_9hls70!19sChIJT_PNTJHE9RQRkfUvioStanE?authuser=0&hl=en&g_ep=EgoyMDI2MDkwOS4wIJJjKgBIAVAD&rclk=1,دكتور جمال الحداد استشارى الجلديه وترميم الجلد والبشره والليزر الاسكندريه القاهره الكويت Dermatologist,,4.9,(147),طبيب أمراض جلدية,·,31 Victor Amanoiel Square,,Website,دكتور جمال الحداد استشارى الجلديه وترميم الجلد والبشره والليزر الاسكندريه القاهره الكويت Dermatologist,Closed,· Opens 9 AM,·,010 25252224,On-site services,,https://diamondskinclinic.com/,,Directions,,
https://www.google.com/maps/place/%D8%A7%D9%84%D8%A3%D8%B3%D8%AA%D8%A7%D8%B0%D9%87+%D8%A7%D9%84%D8%AF%D9%83%D8%AA%D9%88%D8%B1%D9%87+%D8%B9%D8%A7%D8%A6%D8%B4%D9%87+%D8%B9%D8%A8%D8%AF+%D8%A7%D9%84%D9%85%D9%86%D8%B9%D9%85%E2%80%AD/data=!4m7!3m6!1s0x14f5c3ef0b5d429f:0xbf105558bad0b895!8m2!3d31.1993991!4d29.8946721!16s%2Fg%2F1tdsl_k7!19sChIJn0JdC-_D9RQRlbjQulhVEL8?authuser=0&hl=en&g_ep=EgoyMDI2MDkwOS4wIJJjKgBIAVAD&rclk=1,الأستاذه الدكتوره عائشه عبد المنعم,,5.0,(1),طبيب أمراض جلدية,·,5VXV+QV3,,Directions,الأستاذه الدكتوره عائشه عبد المنعم,,,,03 4802626,,,,,,,
https://www.google.com/maps/place/%D8%AF%D9%83%D8%AA%D9%88%D8%B1+%D9%85%D8%AD%D9%89+%D8%A7%D9%84%D8%AF%D9%8A%D9%86+%D9%85%D8%AD%D9%85%D8%AF+%D8%A7%D8%AD%D9%85%D8%AF+%D8%B7%D8%A8%D9%8A%D8%A8+%D9%88+%D8%AC%D8%B1%D8%A7%D8%AD%E2%80%AD/data=!4m7!3m6!1s0x14f5952c8fd387e7:0xdc37d13679da0d1b!8m2!3d31.1213173!4d29.786731!16s%2Fg%2F11h0cffkhz!19sChIJ54fTjyyV9RQRGw3aeTbRN9w?authuser=0&hl=en&g_ep=EgoyMDI2MDkwOS4wIJJjKgBIAVAD&rclk=1,دكتور محى الدين محمد احمد طبيب و جراح,,,,جراح تجميل,·,·,,Directions,دكتور محى الدين محمد احمد طبيب و جراح,4QCP+GMH، شارع البيطاش الرئيسى بجوار مطعم أبو يونس,Closed,· Opens 5 PM,03 3093067,,,,,,No reviews,
https://www.google.com/maps/place/%D8%AF%D9%83%D8%AA%D9%88%D8%B1%D9%85%D8%AC%D8%AF%D9%89+%D8%B1%D8%AC%D8%A8%E2%80%AD/data=!4m7!3m6!1s0x14f5c3f2811870ad:0x325f28606af9d2c3!8m2!3d31.200803!4d29.9019426!16s%2Fg%2F11h12xfdpb!19sChIJrXAYgfLD9RQRw9L5amAoXzI?authuser=0&hl=en&g_ep=EgoyMDI2MDkwOS4wIJJjKgBIAVAD&rclk=1,دكتورمجدى رجب,,3.8,(9),طبيب,·,·,,Directions,دكتورمجدى رجب,"٢ شارع أمين فكري, Mahta Al Raml Sq.",Closed,· Opens 2 PM,03 4842069,,,,,,,
https://www.google.com/maps/place/Dr.+Adel+Hassan+El+Beheiry/data=!4m7!3m6!1s0x14f5dad28f33e327:0xdaa64906dbcf3601!8m2!3d31.200469!4d29.900491!16s%2Fg%2F1tcwbqz4!19sChIJJ-Mzj9La9RQRATbP2wZJpto?authuser=0&hl=en&g_ep=EgoyMDI2MDkwOS4wIJJjKgBIAVAD&rclk=1,Dr. Adel Hassan El Beheiry,Dr. Adel Hassan El Beheiry,5.0,(5),طبيب أمراض جلدية,·,,,Directions,,59 ش سعد زغلول,,,03 4869440,,,,,,,
https://www.google.com/maps/place/%D8%A7%D9%84%D8%A3%D8%B3%D8%AA%D8%A7%D8%B0%D8%A9+%D8%A7%D9%84%D8%AF%D9%83%D8%AA%D9%88%D8%B1%D8%A9+%D9%86%D8%AC%D9%84%D8%A7%D8%A1+%D9%81%D8%AA%D8%AD%D9%89+%D8%B9%D8%AC%D9%85%D9%8A%D8%A9%E2%80%AD/data=!4m7!3m6!1s0x14f5c48967c417a1:0x335f05f4d16f1e88!8m2!3d31.2183477!4d29.9320142!16s%2Fg%2F11h1j0539m!19sChIJoRfEZ4nE9RQRiB5v0fQFXzM?authuser=0&hl=en&g_ep=EgoyMDI2MDkwOS4wIJJjKgBIAVAD&rclk=1,الأستاذة الدكتورة نجلاء فتحى عجمية,,4.4,(19),طبيب أمراض جلدية,·,·,,Website,الأستاذة الدكتورة نجلاء فتحى عجمية,"شقة 27، عمارة 178 الدور الخامس, Omar Lotfy",Closed,· Opens 3 PM,03 5907612,,,https://www.yellowpages.com.eg/ar/profile/%D8%B9%D9%8A%D8%A7%D8%AF%D8%A9-%D8%A7.-%D8%AF.-%D9%86%D8%AC%D9%84%D8%A7%D8%A1-%D9%81%D8%AA%D8%AD%D9%89-%D8%B9%D8%AC%D9%85%D9%8A%D8%A9-%E2%80%93-%D8%AF%D9%83%D8%AA%D9%88%D8%B1%D8%A7%D9%87-%D8%A7%D9%84%D8%A7%D9%85%D8%B1%D8%A7%D8%B6-%D8%A7%D9%84%D8%AC%D9%84%D8%AF%D9%8A%D8%A9-%D9%88%D8%A7%D8%B3%D8%AA%D8%B4%D8%A7%D8%B1%D9%89-%D8%A7%D9%84%D8%B9%D9%84%D8%A7%D8%AC-%D8%A7%D9%84%D8%AA%D8%AC%D9%85%D9%8A%D9%84%D9%89-%D9%84%D9%84%D8%AC%D9%84%D8%AF-%D9%88%D8%A7%D9%84%D9%84%D9%8A%D8%B2%D8%B1/596519,,Directions,,
https://www.google.com/maps/place/%D8%AF%D9%83%D8%AA%D9%88%D8%B1%D8%A9+%D8%B3%D8%A7%D9%84%D9%89+%D8%A5%D8%A8%D8%B1%D8%A7%D9%87%D9%8A%D9%85+%D8%A7%D9%84%D8%B2%D9%85%D8%B1%D8%A7%D9%86%D9%8A%E2%80%AD/data=!4m7!3m6!1s0x14f5c483f018ba2d:0x926bb51a4a9dd0f1!8m2!3d31.2097837!4d29.9326913!16s%2Fg%2F11fkx654q7!19sChIJLboY8IPE9RQR8dCdShq1a5I?authuser=0&hl=en&g_ep=EgoyMDI2MDkwOS4wIJJjKgBIAVAD&rclk=1,دكتورة سالى إبراهيم الزمراني,,4.3,(14),طبيب أمراض جلدية,·,·,,Directions,دكتورة سالى إبراهيم الزمراني,٣٥ ش محمود حسن فهمي برج العشري الدور الأول خلف مدرسة صلاح سالم، خلف كوبري، ش Abou Quer,Closed,· Opens 7 PM,03 4277019,,,,,,,·
https://www.google.com/maps/place/%D8%AF%D9%83%D8%AA%D9%88%D8%B1%D9%87+%D9%8A%D8%B3%D8%B1%D8%A7+%D9%85%D8%AD%D9%85%D8%AF+%D9%85%D8%AD%D9%89+%D8%A7%D9%84%D8%AF%D9%8A%D9%86%E2%80%AD/data=!4m7!3m6!1s0x14f5c462811eb73d:0x3a94e11b0815fab4!8m2!3d31.1988137!4d29.9086987!16s%2Fg%2F11h3sn473c!19sChIJPbcegWLE9RQRtPoVCBvhlDo?authuser=0&hl=en&g_ep=EgoyMDI2MDkwOS4wIJJjKgBIAVAD&rclk=1,دكتوره يسرا محمد محى الدين,,4.5,(2),طبيب أمراض جلدية,·,·,,Directions,دكتوره يسرا محمد محى الدين,"الروماني، ٧٣ شارع فؤاد -عماره دلتا الفراعنه -اعلي البنك العربي الافريقي- الدور الاول شارع فؤاد قبل, Al Mothaf",Closed,· Opens 4 PM,03 3951010,,,,,,,
https://www.google.com/maps/place/%D8%AF%D9%83%D8%AA%D9%88%D8%B1+%D9%85%D9%85%D8%AF%D9%88%D8%AD+%D9%83%D9%85%D8%A7%D9%84+%D8%B9%D8%A8%D8%AF+%D8%A7%D9%84%D9%85%D8%B9%D8%B7%D9%89%E2%80%AD/data=!4m7!3m6!1s0x14f5ead5cfd2f081:0xd1c926aaabc44dcd!8m2!3d31.1155842!4d29.7939535!16s%2Fg%2F11fl7byzv6!19sChIJgfDSz9Xq9RQRzU3Eq6omydE?authuser=0&hl=en&g_ep=EgoyMDI2MDkwOS4wIJJjKgBIAVAD&rclk=1,دكتور ممدوح كمال عبد المعطى,,,,جرَّاح,·,·,,Directions,دكتور ممدوح كمال عبد المعطى,"امام البنك،, Al Bitash",Closed,· Opens 9 AM,010 05603381,,,,,,No reviews,
https://www.google.com/maps/place/Dr.+George+Mounir+Saba/data=!4m7!3m6!1s0x14f5c3f26558d5b5:0xde12ca108a82e92e!8m2!3d31.2000897!4d29.8974208!16s%2Fg%2F1tlr2l6x!19sChIJtdVYZfLD9RQRLumCihDKEt4?authuser=0&hl=en&g_ep=EgoyMDI2MDkwOS4wIJJjKgBIAVAD&rclk=1,Dr. George Mounir Saba,Dr. George Mounir Saba,3.4,(17),طبيب أمراض جلدية,·,22 el Ghorfa El Togareya st.,,Directions,,Closed,· Opens 12 PM,·,03 4809406,,,,,,,
https://www.google.com/maps/place/Dr.+Mohamed+Ali+Ibrahim+Dermatology+and+Andrology+Clinic.+%D8%AF%2F+%D9%85%D8%AD%D9%85%D8%AF+%D8%B9%D9%84%D9%8A+%D8%A7%D8%A8%D8%B1%D8%A7%D9%87%D9%8A%D9%85%D8%8C+%D8%AC%D9%84%D8%AF%D9%8A%D8%A9+%D9%88+%D8%AA%D9%86%D8%A7%D8%B3%D9%84%D9%8A%D8%A9+%D9%88+%D8%A3%D9%85%D8%B1%D8%A7%D8%B6+%D8%B0%D9%83%D9%88%D8%B1%D8%A9%E2%80%AD/data=!4m7!3m6!1s0x14f5c3ec144b473d:0xf730f2c07c4e4b3f!8m2!3d31.2018153!4d29.9018636!16s%2Fg%2F11qswq8504!19sChIJPUdLFOzD9RQRP0tOfMDyMPc?authuser=0&hl=en&g_ep=EgoyMDI2MDkwOS4wIJJjKgBIAVAD&rclk=1,Dr. Mohamed Ali Ibrahim Dermatology and Andrology Clinic. د/ محمد علي ابراهيم، جلدية و تناسلية و أمراض ذكورة,,5.0,(1),طبيب أمراض جلدية,·,7 Saad Zaghloul Square,,Directions,Dr. Mohamed Ali Ibrahim Dermatology and Andrology Clinic. د/ محمد علي ابراهيم، جلدية و تناسلية و أمراض ذكورة,Closed,· Opens 1 PM,·,010 00177204,,,,,,,
https://www.google.com/maps/place/Dr.+Gamal+Mourad/data=!4m7!3m6!1s0x14f5c482041b4cc3:0x5eefe04178b13afd!8m2!3d31.2031799!4d29.9339848!16s%2Fg%2F1tfq1_jn!19sChIJw0wbBILE9RQR_TqxeEHg714?authuser=0&hl=en&g_ep=EgoyMDI2MDkwOS4wIJJjKgBIAVAD&rclk=1,Dr. Gamal Mourad,Dr. Gamal Mourad,4.9,(9),طبيب أمراض جلدية,·,6W3M+7HH,,Directions,,,,,012 22210873,,,,,,,
https://www.google.com/maps/place/Dr.+Magdy+Mahmoud+Ashmawy/data=!4m7!3m6!1s0x14f5c487631da063:0xe46c0c6c75a578b0!8m2!3d31.2113625!4d29.9279396!16s%2Fg%2F1vhjwbqw!19sChIJY6AdY4fE9RQRsHildWwMbOQ?authuser=0&hl=en&g_ep=EgoyMDI2MDkwOS4wIJJjKgBIAVAD&rclk=1,Dr. Magdy Mahmoud Ashmawy,Dr. Magdy Mahmoud Ashmawy,4.1,(112),عيادة طبية,·,·,,Directions,,Closed,· Opens 11 AM,10 Qena,03 5902515,,,,,,,·
https://www.google.com/maps/place/Saint+George+Hospital/data=!4m7!3m6!1s0x14f5c3b85cf9f91d:0xc7023f20919c3198!8m2!3d31.1758099!4d29.9006629!16s%2Fg%2F1tfx_7k1!19sChIJHfn5XLjD9RQRmDGckSA_Asc?authuser=0&hl=en&g_ep=EgoyMDI2MDkwOS4wIJJjKgBIAVAD&rclk=1,Saint George Hospital,Saint George Hospital,4.4,(65),مستشفى,·,·,,Website,,25 Al Kroum,,,012 00957777,,,https://st-takla.org/Coptic-History/organizations/medical/san-george-hospital-gheit-al3enab-alex.html,,Directions,,
https://www.google.com/maps/place/Vascuderm+Clinic/data=!4m7!3m6!1s0x14f5c57ba639655b:0x8fd59bcc9984a0f6!8m2!3d31.2097064!4d29.9354001!16s%2Fg%2F11h91d8sst!19sChIJW2U5pnvF9RQR9qCEmcyb1Y8?authuser=0&hl=en&g_ep=EgoyMDI2MDkwOS4wIJJjKgBIAVAD&rclk=1,Vascuderm Clinic,Vascuderm Clinic,4.4,(70),مركز طبي,·,2 Mohammed Fawzi Moaz,,Directions,,Closed,· Opens 10 AM,·,012 74000548,,,,,,,
https://www.google.com/maps/place/%D8%A7%D9%84%D8%AF%D9%83%D8%AA%D9%88%D8%B1+%D9%85%D8%AD%D9%85%D8%AF+%D8%AD%D8%A8%D9%8A%D8%A8%E2%80%AD/data=!4m7!3m6!1s0x14f5c18ff0b5b05b:0x74270a03ed4e038!8m2!3d31.1665597!4d29.8707539!16s%2Fg%2F11h3qskg26!19sChIJW7C18I_B9RQROODUPqBwQgc?authuser=0&hl=en&g_ep=EgoyMDI2MDkwOS4wIJJjKgBIAVAD&rclk=1,الدكتور محمد حبيب,,4.4,(5),طبيب مسالك بولية,·,·,,Directions,الدكتور محمد حبيب,٨٢ شارع مراد متفرع من شارع الأمان، محطه ترام خفاجه، حي,Closed,· Opens 6 PM,012 24241007,,,,,,,
https://www.google.com/maps/place/Dalia+Derma+Clinic/data=!4m7!3m6!1s0x14f5c5956a29d735:0xaed23428e8cb59a7!8m2!3d31.2175908!4d29.9395522!16s%2Fg%2F11f7r44hqr!19sChIJNdcpapXF9RQRp1nL6Cg00q4?authuser=0&hl=en&g_ep=EgoyMDI2MDkwOS4wIJJjKgBIAVAD&rclk=1,Dalia Derma Clinic,Dalia Derma Clinic,4.1,(65),طبيب أمراض جلدية,·,314 Abou Quer,,Website,,Closed,· Opens 9 AM,·,010 01003394,,,https://instagram.com/dalia_dermaclinic,,Directions,,
https://www.google.com/maps/place/%D8%AF%D9%83%D8%AA%D9%88%D8%B1+%D9%86%D8%A8%D9%8A%D9%84+%D8%B9%D8%A8%D8%AF+%D8%A7%D9%84%D8%B3%D9%84%D8%A7%D9%85%E2%80%AD/data=!4m7!3m6!1s0x14f5c3e66c880043:0xc1fa0a17f22ba36c!8m2!3d31.1971422!4d29.8914087!16s%2Fg%2F11h4fjl83d!19sChIJQwCIbObD9RQRbKMr8hcK-sE?authuser=0&hl=en&g_ep=EgoyMDI2MDkwOS4wIJJjKgBIAVAD&rclk=1,دكتور نبيل عبد السلام,,,,طبيب أمراض جلدية,·,"5VWR+VH3, El-Tahrir Square",,Website,دكتور نبيل عبد السلام,Closed,· Opens 2 PM,·,012 24437546,,,https://www.med.tn/%D8%B7%D8%A8%D9%8A%D8%A8/%D8%A7%D8%AE%D8%B5%D8%A7%D9%8A%D9%8A-%D8%A7%D9%84%D8%A7%D9%85%D8%B1%D8%A7%D8%B6-%D8%A7%D9%84%D8%AC%D9%84%D8%AF%D9%8A%D8%A9-%D9%88-%D8%A7%D9%84%D8%AA%D9%86%D8%A7%D8%B3%D9%84%D9%8A%D8%A9/%D8%A7%D9%84%D8%A7%D8%B3%D9%83%D9%86%D8%AF%D8%B1%D9%8A%D8%A9/%D8%A7%D9%84%D8%AF%D9%83%D8%AA%D9%88%D8%B1-%D9%86%D8%A8%D9%8A%D9%84-%D9%85%D8%AD%D9%85%D8%AF-%D9%85%D8%AD%D9%85%D8%AF-%D8%B9%D8%A8%D8%AF-%D8%A7%D9%84%D8%B3%D9%84%D8%A7%D9%85-71984.html,,Directions,No reviews,
https://www.google.com/maps/place/Tarek+El+Ghamrawy/data=!4m7!3m6!1s0x14f5c191ca6ba215:0x9279887f5a1f9fd1!8m2!3d31.1645928!4d29.8691137!16s%2Fg%2F1ttl0tj4!19sChIJFaJrypHB9RQR0Z8fWn-IeZI?authuser=0&hl=en&g_ep=EgoyMDI2MDkwOS4wIJJjKgBIAVAD&rclk=1,Tarek El Ghamrawy,Tarek El Ghamrawy,5.0,(3),طبيب,·,5V79+RJQ,,Website,,,,,,,,http://www.dalilimedical.com/view_profiles.php?id=830,,Directions,,
https://www.google.com/maps/place/%D8%AF%2F%D9%85%D8%B5%D8%B7%D9%81%D9%89+%D9%86%D8%A8%D9%8A%D9%84+%D8%B2%D8%BA%D9%84%D9%88%D9%84%2F%D8%A3%D8%AE%D8%B5%D8%A7%D8%A6%D9%89+%D8%A7%D9%84%D8%A3%D9%85%D8%B1%D8%A7%D8%B6+%D8%A7%D9%84%D8%AC%D9%84%D8%AF%D9%8A%D8%A9+%D9%88%D8%A7%D9%84%D8%AA%D8%AC%D9%85%D9%8A%D9%84+%D9%88%D8%B7%D8%A8+%D8%A3%D9%85%D8%B1%D8%A7%D8%B6+%D8%A7%D9%84%D8%B0%D9%83%D9%88%D8%B1%D8%A9+%D8%A8%D8%A7%D9%84%D9%82%D9%88%D8%A7%D8%AA+%D8%A7%D9%84%D9%85%D8%B3%D9%84%D8%AD%D8%A9%E2%80%AD/data=!4m7!3m6!1s0x14f5c5bca226d95f:0x5e0ac466a0ee2d37!8m2!3d31.2146778!4d29.9259422!16s%2Fg%2F11h06bq_sd!19sChIJX9kmorzF9RQRNy3uoGbECl4?authuser=0&hl=en&g_ep=EgoyMDI2MDkwOS4wIJJjKgBIAVAD&rclk=1,د/مصطفى نبيل زغلول/أخصائى الأمراض الجلدية والتجميل وطب أمراض الذكورة بالقوات المسلحة,,5.0,(2),طبيب أمراض جلدية,·,59 Omar Lotfy,,Directions,د/مصطفى نبيل زغلول/أخصائى الأمراض الجلدية والتجميل وطب أمراض الذكورة بالقوات المسلحة,Closed,· Opens 7 PM,·,012 71259306,,,,,,,
https://www.google.com/maps/place/%D9%85%D8%B1%D9%83%D8%B2+%D9%85%D9%88%D8%AC%D9%87%E2%80%AD/data=!4m7!3m6!1s0x14f5c1ddfe094529:0xeff6b5fec811c7f8!8m2!3d31.1648916!4d29.8755654!16s%2Fg%2F11n0b1t1y6!19sChIJKUUJ_t3B9RQR-McRyP619u8?authuser=0&hl=en&g_ep=EgoyMDI2MDkwOS4wIJJjKgBIAVAD&rclk=1,مركز موجه,,5.0,(1),عيادة للعناية بالبشرة,·,1 Al Amir Looloo,,Directions,مركز موجه,,,,010 25109068,,,,,,,
https://www.google.com/maps/place/%D8%AF%D9%83%D8%AA%D9%88%D8%B1%D8%A9+%D9%81%D9%8A%D8%A8%D9%89+%D8%A3%D9%85%D9%8A%D8%B1+%D8%B1%D9%8A%D8%A7%D8%B6%E2%80%AD/data=!4m7!3m6!1s0x14f5c47d00bd0515:0x72205400c384959!8m2!3d31.212866!4d29.9251292!16s%2Fg%2F11h6nhwtbh!19sChIJFQW9AH3E9RQRWUk4DEAFIgc?authuser=0&hl=en&g_ep=EgoyMDI2MDkwOS4wIJJjKgBIAVAD&rclk=1,دكتورة فيبى أمير رياض,,5.0,(1),طبيب أمراض جلدية,·,"6W7G+43R, Mamfeis",,Website,دكتورة فيبى أمير رياض,Closed,· Opens 6 PM,·,012 23451679,,,https://www.vezeeta.com/ar/dr/%D8%AF%D9%83%D8%AA%D9%88%D8%B1%D8%A9-%D9%81%D9%8A%D8%A8%D9%8A--%D8%A3%D9%85%D9%8A%D8%B1-%D8%B1%D9%8A%D8%A7%D8%B6-%D8%AC%D9%84%D8%AF%D9%8A%D8%A9,,Directions,,
https://www.google.com/maps/place/Dr.+Mahmoud+Nabil+Kamel/data=!4m7!3m6!1s0x14f5dad28f33e327:0xceb2797b15ffa58a!8m2!3d31.2018336!4d29.9029874!16s%2Fg%2F1w0r24s_!19sChIJJ-Mzj9La9RQRiqX_FXt5ss4?authuser=0&hl=en&g_ep=EgoyMDI2MDkwOS4wIJJjKgBIAVAD&rclk=1,Dr. Mahmoud Nabil Kamel,Dr. Mahmoud Nabil Kamel,4.6,(9),عيادة طبية,·,,,Directions,,19 ش امين فكرى,,,03 4869545,,,,,,,
https://www.google.com/maps/place/%D8%AF.+%D8%B9%D8%A7%D8%A6%D8%B4%D8%A9+%D8%B1%D8%A8%D9%8A%D8%B9%E2%80%AD/data=!4m7!3m6!1s0x14f5c4c3c2da8ff1:0xdf1d6945e43d0885!8m2!3d31.2241361!4d29.9551185!16s%2Fg%2F11gbnjrp4j!19sChIJ8Y_awsPE9RQRhQg95EVpHd8?authuser=0&hl=en&g_ep=EgoyMDI2MDkwOS4wIJJjKgBIAVAD&rclk=1,د. عائشة ربيع,,3.9,(66),طبيب أمراض جلدية,·,6XF4+M25,,Website,د. عائشة ربيع,Closed,· Opens 11 AM,·,03 54534444,,,https://www.facebook.com/DrAisha-Rabiea-501038296658817/,,Directions,,
https://www.google.com/maps/place/%D8%A7%D9%84%D8%A3%D8%B3%D8%AA%D8%A7%D8%B0%D8%A9+%D8%A7%D9%84%D8%AF%D9%83%D8%AA%D9%88%D8%B1%D8%A9+%D9%86%D9%88%D8%B1%D8%A7%D9%86+%D8%B9%D8%A8%D8%AF+%D8%A7%D9%84%D8%B9%D8%B2%D9%8A%D8%B2+%D8%A3%D8%A8%D9%88+%D8%AE%D8%B6%D8%B1%E2%80%AD/data=!4m7!3m6!1s0x14f5c3f2f4cbae95:0xbbf8bcd3ed31362c!8m2!3d31.2018873!4d29.9020254!16s%2Fg%2F11h7kw8p1n!19sChIJla7L9PLD9RQRLDYx7dO8-Ls?authuser=0&hl=en&g_ep=EgoyMDI2MDkwOS4wIJJjKgBIAVAD&rclk=1,الأستاذة الدكتورة نوران عبد العزيز أبو خضر,,2.0,(1),طبيب أمراض جلدية,·,·,,Directions,الأستاذة الدكتورة نوران عبد العزيز أبو خضر,٢ شارع الدكتور علي ابراهيم، حي محطه الرمل,Closed,· Opens 1 PM,03 4868867,,,,,,,
https://www.google.com/maps/place/Prof.+Dr+Khaled+Abdelraheem+%D8%A7.%D8%AF.+%D8%AE%D8%A7%D9%84%D8%AF+%D8%B9%D8%A8%D8%AF%D8%A7%D9%84%D8%B1%D8%AD%D9%8A%D9%85%E2%80%AD/data=!4m7!3m6!1s0x14f5c3caa32a3c0f:0xc674ee5aafb9f3f8!8m2!3d31.1910242!4d29.9090881!16s%2Fg%2F11ty2g_cds!19sChIJDzwqo8rD9RQR-PO5r1rudMY?authuser=0&hl=en&g_ep=EgoyMDI2MDkwOS4wIJJjKgBIAVAD&rclk=1,Prof. Dr Khaled Abdelraheem ا.د. خالد عبدالرحيم,,4.8,(5),طبيب أمراض جلدية,·,١٠٢ Hasan Al Askandarani,,Directions,Prof. Dr Khaled Abdelraheem ا.د. خالد عبدالرحيم,Closed,· Opens 10 AM,·,010 02413641,,,,,,,
https://www.google.com/maps/place/%D8%AF%D9%83%D8%AA%D9%88%D8%B1+%D8%A3%D8%AD%D9%85%D8%AF+%D8%AF%D9%88%D9%8A%D8%AF%D8%A7%D8%B1%E2%80%AD/data=!4m7!3m6!1s0x14f5c3ee54ec20d9:0x8b5beeb0121d1890!8m2!3d31.2000873!4d29.8969997!16s%2Fg%2F1trqdk46!19sChIJ2SDsVO7D9RQRkBgdErDuW4s?authuser=0&hl=en&g_ep=EgoyMDI2MDkwOS4wIJJjKgBIAVAD&rclk=1,دكتور أحمد دويدار,,5.0,(1),طبيب أمراض جلدية,·,15 El-Shohada,,Directions,دكتور أحمد دويدار,,,,,,,,,,,
https://www.google.com/maps/place/%D8%AF%D9%83%D8%AA%D9%88%D8%B1%D8%A9+%D9%85%D8%B1%D9%88%D9%89+%D9%85%D8%AD%D9%85%D8%AF+%D9%85%D8%B5%D8%B7%D9%81%D9%89%E2%80%AD/data=!4m7!3m6!1s0x14f5c47d22105b29:0x59030e6b28517f75!8m2!3d31.2141795!4d29.9252923!16s%2Fg%2F11h110lwyt!19sChIJKVsQIn3E9RQRdX9RKGsOA1k?authuser=0&hl=en&g_ep=EgoyMDI2MDkwOS4wIJJjKgBIAVAD&rclk=1,دكتورة مروى محمد مصطفى,,5.0,(1),طبيب أمراض جلدية,·,·,,Directions,دكتورة مروى محمد مصطفى,6W7G+M4F، شارع عمر لطفي,Closed,· Opens 5 PM,03 5904477,,,,,,,
https://www.google.com/maps/place/%D8%A7%D9%84%D8%A3%D8%B3%D8%AA%D8%A7%D8%B0%D8%A9+%D8%A7%D9%84%D8%AF%D9%83%D8%AA%D9%88%D8%B1%D8%A9+%D9%86%D9%88%D8%B1%D8%A7%D9%86+%D8%B9%D8%A8%D8%AF+%D8%A7%D9%84%D8%B9%D8%B2%D9%8A%D8%B2+%D8%A3%D8%A8%D9%88%D8%AE%D8%B6%D8%B1%E2%80%AD/data=!4m7!3m6!1s0x14f5c3ec3c5bd9cb:0x4d5b4ed7aa497cd3!8m2!3d31.1974547!4d29.8998022!16s%2Fg%2F11h18rjxpk!19sChIJy9lbPOzD9RQR03xJqtdOW00?authuser=0&hl=en&g_ep=EgoyMDI2MDkwOS4wIJJjKgBIAVAD&rclk=1,الأستاذة الدكتورة نوران عبد العزيز أبوخضر,,,,طبيب أمراض جلدية,·,·,,Directions,الأستاذة الدكتورة نوران عبد العزيز أبوخضر,شارع كنيسة الأقباط،، ميدان محطة الرمل,Closed,· Opens 6 PM,03 4687432,,,,,,No reviews,
https://www.google.com/maps/place/Dr.+Tarek+Hussein/data=!4m7!3m6!1s0x14f5c47c6c2b35c9:0x705756d27f14d7fd!8m2!3d31.2068712!4d29.9282455!16s%2Fg%2F1tj4_ykf!19sChIJyTUrbHzE9RQR_dcUf9JWV3A?authuser=0&hl=en&g_ep=EgoyMDI2MDkwOS4wIJJjKgBIAVAD&rclk=1,Dr. Tarek Hussein,Dr. Tarek Hussein,4.0,(79),عيادة للعناية بالبشرة,·,·,,Directions,,بجوار خروب سامى، 187 Abou Quer,Closed,· Opens 6 PM,03 4270624,,,,,,,·
https://www.google.com/maps/place/Prof+Amira+Abulfotooh+Eid+clinic-+%D8%B9%D9%8A%D8%A7%D8%AF%D8%A9+%D8%A7.%D8%AF+%D8%A7%D9%85%D9%8A%D8%B1%D8%A9+%D8%A7%D8%A8%D9%88%D8%A7%D9%84%D9%81%D8%AA%D9%88%D8%AD+%D8%B9%D9%8A%D8%AF%E2%80%AD/data=!4m7!3m6!1s0x14f5c3557fc921c3:0xba896dbf83a1cc91!8m2!3d31.1982396!4d29.9004804!16s%2Fg%2F11hfj_vbl4!19sChIJwyHJf1XD9RQRkcyhg79tibo?authuser=0&hl=en&g_ep=EgoyMDI2MDkwOS4wIJJjKgBIAVAD&rclk=1,Prof Amira Abulfotooh Eid clinic- عيادة ا.د اميرة ابوالفتوح عيد,,3.4,(18),طبيب أمراض جلدية,·,,,Directions,Prof Amira Abulfotooh Eid clinic- عيادة ا.د اميرة ابوالفتوح عيد,Closed,· Opens 5 PM Wed,,03 4872150,,,,,,,
https://www.google.com/maps/place/Adel+Shafey/data=!4m7!3m6!1s0x14f5c3eebf340189:0xdb28db941dc971f0!8m2!3d31.1977219!4d29.8977452!16s%2Fg%2F1tj553ls!19sChIJiQE0v-7D9RQR8HHJHZTbKNs?authuser=0&hl=en&g_ep=EgoyMDI2MDkwOS4wIJJjKgBIAVAD&rclk=1,Adel Shafey,Adel Shafey,3.7,(15),عيادة طبية,·,·,,Directions,,Closed,· Opens 6 PM,11 Zawya Sultan,03 4871824,,,,,,,·
https://www.google.com/maps/place/Dr.+Shaden+Gaber/data=!4m7!3m6!1s0x14f5c31a6879107b:0x12b487dde2117e61!8m2!3d31.1803628!4d29.8975288!16s%2Fg%2F11hyd56b14!19sChIJexB5aBrD9RQRYX4R4t2HtBI?authuser=0&hl=en&g_ep=EgoyMDI2MDkwOS4wIJJjKgBIAVAD&rclk=1,Dr. Shaden Gaber,Dr. Shaden Gaber,2.6,(5),طبيب,·,"El Ahlam, 44 Khoufo",,Directions,,Closed,· Opens 6 PM,·,012 27191346,,,,,,,
https://www.google.com/maps/place/%D8%B9%D9%8A%D8%A7%D8%AF%D8%A9+%D8%AF%D9%83%D8%AA%D9%88%D8%B1%2F+%D8%A5%D8%B3%D9%84%D8%A7%D9%85+%D8%A7%D9%84%D8%AD%D9%84%D9%88+%D8%A7%D8%B3%D8%AA%D8%B4%D8%A7%D8%B1%D9%8A+%D8%A7%D9%84%D8%A7%D9%85%D8%B1%D8%A7%D8%B6+%D8%A7%D9%84%D8%AC%D9%84%D8%AF%D9%8A%D9%87+%D9%88+%D8%A7%D9%84%D8%AA%D9%86%D8%A7%D8%B3%D9%84%D9%8A%D9%87+%D9%88+%D8%A7%D9%84%D8%AA%D8%AC%D9%85%D9%8A%D9%84%E2%80%AD/data=!4m7!3m6!1s0x242445b16a31152b:0x13096e424c20071e!8m2!3d31.2414311!4d29.9603369!16s%2Fg%2F11xmlbgw17!19sChIJKxUxarFFJCQRHgcgTEJuCRM?authuser=0&hl=en&g_ep=EgoyMDI2MDkwOS4wIJJjKgBIAVAD&rclk=1,عيادة دكتور/ إسلام الحلو استشاري الامراض الجلديه و التناسليه و التجميل,,5.0,(7),طبيب أمراض جلدية,·,·,,Website,عيادة دكتور/ إسلام الحلو استشاري الامراض الجلديه و التناسليه و التجميل,٣٧٥طريق الجيش,Closed,· Opens 2 PM Wed,010 16006000,On-site services,,http://drislamelhelou.com/,,Directions,,·
https://www.google.com/maps/place/Dr.+Fayrouz+Khalil+Badran/data=!4m7!3m6!1s0x14f5c47ce2aaccf9:0xa964d9911820600!8m2!3d31.2146778!4d29.9259422!16s%2Fg%2F1tdv9ykv!19sChIJ-cyq4nzE9RQRAAaCEZlNlgo?authuser=0&hl=en&g_ep=EgoyMDI2MDkwOS4wIJJjKgBIAVAD&rclk=1,Dr. Fayrouz Khalil Badran,Dr. Fayrouz Khalil Badran,3.6,(33),طبيب أمراض جلدية,·,59 Omar Lotfy,,Directions,,,,,03 5926537,,,,,,,
https://www.google.com/maps/place/%D8%B9%D9%8A%D8%A7%D8%AF%D8%A9+%D8%A7%D9%84%D8%AF%D9%83%D8%AA%D9%88%D8%B1%D8%A9+%D9%86%D9%87%D9%8A+%D9%85%D8%B1%D8%A7%D8%AF+%D9%84%D9%84%D8%A3%D9%85%D8%B1%D8%A7%D8%B6+%D8%A7%D9%84%D8%AC%D9%84%D8%AF%D9%8A%D8%A9+%D9%88%D8%A7%D9%84%D8%B9%D9%84%D8%A7%D8%AC+%D8%A7%D9%84%D8%AA%D8%AC%D9%85%D9%8A%D9%84%D9%8A+%D9%84%D9%84%D8%A8%D8%B4%D8%B1%D8%A9+%D9%88%D8%A7%D9%84%D8%B4%D8%B9%D8%B1%E2%80%AD/data=!4m7!3m6!1s0x14f5c4e09e1615a3:0xbd0f1627f43dbeac!8m2!3d31.2364849!4d29.9507818!16s%2Fg%2F11c52xrqb5!19sChIJoxUWnuDE9RQRrL499CcWD70?authuser=0&hl=en&g_ep=EgoyMDI2MDkwOS4wIJJjKgBIAVAD&rclk=1,عيادة الدكتورة نهي مراد للأمراض الجلدية والعلاج التجميلي للبشرة والشعر,,5.0,(6),طبيب أمراض جلدية,·,"٢٧٨, El-Gaish Rd",,Directions,عيادة الدكتورة نهي مراد للأمراض الجلدية والعلاج التجميلي للبشرة والشعر,Closed,· Opens 7 PM Wed,·,011 20168809,,,,,,,
https://www.google.com/maps/place/%D8%A7%D9%84%D8%A3%D8%B3%D8%AA%D8%A7%D8%B0%D8%A9+%D8%A7%D9%84%D8%AF%D9%83%D8%AA%D9%88%D8%B1%D8%A9+%D8%B1%D8%A7%D9%86%D9%8A%D9%87+%D8%A7%D9%84%D8%B3%D9%8A%D8%AF%E2%80%AD/data=!4m7!3m6!1s0x14f5c4895c2c1fdf:0x4fb62fcbb85792c0!8m2!3d31.2185077!4d29.9323354!16s%2Fg%2F11h1hs_8st!19sChIJ3x8sXInE9RQRwJJXuMsvtk8?authuser=0&hl=en&g_ep=EgoyMDI2MDkwOS4wIJJjKgBIAVAD&rclk=1,الأستاذة الدكتورة رانيه السيد,,3.7,(3),طبيب أمراض جلدية,·,عمارة 179 Omar Lotfy,,Directions,الأستاذة الدكتورة رانيه السيد,Closed,· Opens 5 PM Thu,·,03 5904601,,,,,,,
https://www.google.com/maps/place/%D8%AF%2F%D8%A5%D9%8A%D9%85%D8%A7%D9%86+%D8%B9%D8%A8%D8%AF%D8%A7%D9%84%D9%85%D9%86%D8%B9%D9%85+_%D8%A7%D8%B3%D8%AA%D8%B4%D8%A7%D8%B1%D9%89+%D8%A7%D9%84%D8%A3%D9%85%D8%B1%D8%A7%D8%B6+%D8%A7%D9%84%D8%AC%D9%84%D8%AF%D9%8A%D8%A9+%D9%88%D8%A7%D9%84%D8%AA%D9%86%D8%A7%D8%B3%D9%84%D9%8A%D8%A9%E2%80%AD/data=!4m7!3m6!1s0x14f5c3f2dc8b7877:0x7d4a6b05b6c1d88b!8m2!3d31.2226334!4d29.9455883!16s%2Fg%2F11qrlnpdx9!19sChIJd3iL3PLD9RQRi9jBtgVrSn0?authuser=0&hl=en&g_ep=EgoyMDI2MDkwOS4wIJJjKgBIAVAD&rclk=1,د/إيمان عبدالمنعم _استشارى الأمراض الجلدية والتناسلية,,3.8,(13),طبيب أمراض جلدية,·,14 Chompolion St,,Directions,د/إيمان عبدالمنعم _استشارى الأمراض الجلدية والتناسلية,,,,011 13815474,,,,,,,
https://www.google.com/maps/place/Dr.+Ahmed+Abdel+Moneim+Abdel+Karim/data=!4m7!3m6!1s0x14f5ea9047dce8a1:0x19555c775813b34b!8m2!3d31.2469953!4d29.9794045!16s%2Fg%2F11cn69wbzj!19sChIJoejcR5Dq9RQRS7MTWHdcVRk?authuser=0&hl=en&g_ep=EgoyMDI2MDkwOS4wIJJjKgBIAVAD&rclk=1,Dr. Ahmed Abdel Moneim Abdel Karim,Dr. Ahmed Abdel Moneim Abdel Karim,4.5,(86),طبيب أمراض جلدية,·,·,,Website,,8 Al Galaa,Closed,· Opens 4 PM,010 22000747,,,https://www.vezeeta.com/ar/dr/%D8%B9%D9%8A%D8%A7%D8%AF%D8%A9-%D8%A7%D8%AD%D9%85%D8%AF-%D8%B9%D8%A8%D8%AF-%D8%A7%D9%84%D9%85%D9%86%D8%B9%D9%85-%D8%B9%D8%A8%D8%AF-%D8%A7%D9%84%D9%83%D8%B1%D9%8A%D9%85-%D8%A7%D9%85%D8%B1%D8%A7%D8%B6-%D8%AC%D9%84%D8%AF%D9%8A%D8%A9-%D9%88%D8%AA%D9%86%D8%A7%D8%B3%D9%84%D9%8A%D8%A9,,Directions,,·
https://www.google.com/maps/place/%D8%B9%D9%8A%D8%A7%D8%AF%D8%A9+%D8%AF%D9%83%D8%AA%D9%88%D8%B1+%D8%AE%D8%A7%D9%84%D8%AF+%D8%B9%D9%85%D8%B1.%D8%A7%D9%85%D8%B1%D8%A7%D8%B6+%D8%AC%D9%84%D8%AF%D9%8A%D8%A9+%D9%88%D8%AA%D9%86%D8%A7%D8%B3%D9%84%D9%8A%D8%A9+%D9%88%D8%B9%D9%82%D9%85+%D8%A7%D9%84%D8%B1%D8%AC%D8%A7%D9%84+%D9%88%D8%AA%D8%AC%D9%85%D9%8A%D9%84+%D8%A7%D9%84%D8%AC%D9%84%D8%AF%E2%80%AD/data=!4m7!3m6!1s0x14f5db02d0b7a69b:0xb246796fe3f342ab!8m2!3d31.2326526!4d29.9609106!16s%2Fg%2F11s0wgprc2!19sChIJm6a30ALb9RQRq0Lz4295RrI?authuser=0&hl=en&g_ep=EgoyMDI2MDkwOS4wIJJjKgBIAVAD&rclk=1,عيادة دكتور خالد عمر.امراض جلدية وتناسلية وعقم الرجال وتجميل الجلد,,5.0,(5),طبيب أمراض جلدية,·,·,,Directions,عيادة دكتور خالد عمر.امراض جلدية وتناسلية وعقم الرجال وتجميل الجلد,٧٢ شارع مصطفى كامل.فلمنج.الاسكندرية المدخل السكنى.الدور الاول.شقة ١٠٩,Closed,· Opens 6 PM,010 93338482,,,,,,,
https://www.google.com/maps/place/%D8%AF+%2F+%D8%B1%D8%B4%D8%A7+%D9%85%D8%AD%D9%85%D9%88%D8%AF+%D8%AC%D9%86%D9%8A%D8%AF%D9%89%E2%80%AD/data=!4m7!3m6!1s0x14f5c48dc2bf373d:0x680fa708bbf44f34!8m2!3d31.2181683!4d29.9378315!16s%2Fg%2F11flb44cjw!19sChIJPTe_wo3E9RQRNE_0uwinD2g?authuser=0&hl=en&g_ep=EgoyMDI2MDkwOS4wIJJjKgBIAVAD&rclk=1,د / رشا محمود جنيدى,,4.0,(15),طبيب أمراض جلدية,·,·,,Directions,د / رشا محمود جنيدى,6W9Q+748، أمام محطه ترام سوق الزنانيري كليوباترا، حي شرق,Closed,· Opens 6 PM Wed,03 5413733,,,,,,,
https://www.google.com/maps/place/%D8%AF%D9%83%D8%AA%D9%88%D8%B1%D8%A9+%D8%A5%D9%8A%D9%85%D8%A7%D9%86+%D9%85%D8%AD%D9%85%D8%AF+%D8%AD%D8%B3%D9%86%E2%80%AD/data=!4m7!3m6!1s0x14f5c4ed19899ba3:0x2b17163910e60d20!8m2!3d31.2232994!4d29.941646!16s%2Fg%2F11h7dtks9r!19sChIJo5uJGe3E9RQRIA3mEDkWFys?authuser=0&hl=en&g_ep=EgoyMDI2MDkwOS4wIJJjKgBIAVAD&rclk=1,دكتورة إيمان محمد حسن,,3.9,(7),طبيب أمراض جلدية,·,·,,Directions,دكتورة إيمان محمد حسن,6WFR+8M6، امام المنطقه الشماليه العسكريه ، شارع المشير احمد إسماعيل، حي,Closed,· Opens 5 PM,03 5444005,,,,,,,
https://www.google.com/maps/place/%D8%B9%D9%8A%D8%A7%D8%AF%D8%A9+%D8%A7%D9%84%D8%AF%D9%83%D8%AA%D9%88%D8%B1+%D8%A7%D8%AD%D9%85%D8%AF+%D9%8A%D8%A7%D9%82%D9%88%D8%AA%E2%80%AD/data=!4m7!3m6!1s0x14f5c300768b27f9:0x70e9289b39045e46!8m2!3d31.1898961!4d29.9040871!16s%2Fg%2F11yfk1c5bq!19sChIJ-SeLdgDD9RQRRl4EOZso6XA?authuser=0&hl=en&g_ep=EgoyMDI2MDkwOS4wIJJjKgBIAVAD&rclk=1,عيادة الدكتور احمد ياقوت,,5.0,(4),طبيب أمراض جلدية,·,35 Ibn Al Khatab,,Directions,عيادة الدكتور احمد ياقوت,,,,,,,,,,,
https://www.google.com/maps/place/Dr.+Kamelia+El+Rakaibi/data=!4m7!3m6!1s0x14f5c39ae4344177:0xd8f975b6e6f4f053!8m2!3d31.1947288!4d29.9186184!16s%2Fg%2F1tf62j95!19sChIJd0E05JrD9RQRU_D05rZ1-dg?authuser=0&hl=en&g_ep=EgoyMDI2MDkwOS4wIJJjKgBIAVAD&rclk=1,Dr. Kamelia El Rakaibi,Dr. Kamelia El Rakaibi,4.2,(6),طبيب,·,11 El-Wazir,,Website,,,,,03 3952732,,,http://www.dalilimedical.com/view_profiles.php?id=186,,Directions,,
https://www.google.com/maps/place/%D8%B9%D9%8A%D8%A7%D8%AF%D8%A9+%D8%AF%D9%83%D8%AA%D9%88%D8%B1%D8%A9+%D9%81%D9%88%D8%B2%D9%8A%D9%87+%D8%B1%D9%81%D8%A7%D8%B9%D9%89%E2%80%AD/data=!4m7!3m6!1s0x14f5dbd1c5fc0891:0x9fcad767a7babc02!8m2!3d31.2569275!4d29.9957995!16s%2Fg%2F11fj0pdbgb!19sChIJkQj8xdHb9RQRAry6p2fXyp8?authuser=0&hl=en&g_ep=EgoyMDI2MDkwOS4wIJJjKgBIAVAD&rclk=1,عيادة دكتورة فوزيه رفاعى,,4.8,(20),طبيب أمراض جلدية,·,·,,Directions,عيادة دكتورة فوزيه رفاعى,Closed,· Opens 5 PM Wed,47 No 595,011 59655541,,,,,,,·
https://www.google.com/maps/place/Dr.+Samy+Gad/data=!4m7!3m6!1s0x14f5c3f267171a4b:0x8fb80908d545fe52!8m2!3d31.2019466!4d29.9013002!16s%2Fg%2F1tfdgpff!19sChIJSxoXZ_LD9RQRUv5F1QgJuI8?authuser=0&hl=en&g_ep=EgoyMDI2MDkwOS4wIJJjKgBIAVAD&rclk=1,Dr. Samy Gad,Dr. Samy Gad,3.5,(6),صحة,·,,,Directions,,2 شارع صفية زغلول,,,,,,,,,,
https://www.google.com/maps/place/Dr.+Satea+Mohamed/data=!4m7!3m6!1s0x14f5ea9047dce8a1:0xc6478eb21f8a5225!8m2!3d31.1357019!4d29.8220502!16s%2Fg%2F11cn6c57hd!19sChIJoejcR5Dq9RQRJVKKH7KOR8Y?authuser=0&hl=en&g_ep=EgoyMDI2MDkwOS4wIJJjKgBIAVAD&rclk=1,Dr. Satea Mohamed,Dr. Satea Mohamed,3.7,(3),طبيب أسنان,·,Vectoria,,Directions,,,,,012 23883396,,,,,,,
https://www.google.com/maps/place/%D8%B9%D9%8A%D8%A7%D8%AF%D9%87+%D8%AF%D9%83%D8%AA%D9%88%D8%B1%2F%D8%AC%D9%85%D8%A7%D9%84+%D8%B7%D9%87+%D8%A7%D8%A8%D9%88+%D9%83%D9%84%D9%8A%D9%84%D9%87%E2%80%AD/data=!4m7!3m6!1s0x14f5ed38fba0071d:0x20305c128a7bc26b!8m2!3d31.0089292!4d29.8039201!16s%2Fg%2F11dym7g42y!19sChIJHQeg-zjt9RQRa8J7ihJcMCA?authuser=0&hl=en&g_ep=EgoyMDI2MDkwOS4wIJJjKgBIAVAD&rclk=1,عياده دكتور/جمال طه ابو كليله,,4.8,(18),طبيب,·,·,,Directions,عياده دكتور/جمال طه ابو كليله,2R53+HHF، شارع القسم,Closed,· Opens 8 AM,012 72705943,,,,,,,
https://www.google.com/maps/place/Prof.+Dr.+Carmen+Mohamed+Farid+%D8%A7%D8%AF+%D9%83%D8%A7%D8%B1%D9%85%D9%86+%D9%85%D8%AD%D9%85%D8%AF+%D9%81%D8%B1%D9%8A%D8%AF%E2%80%AD/data=!4m7!3m6!1s0x14f5c489c736300b:0x3ebf66782d227d27!8m2!3d31.2179941!4d29.9292066!16s%2Fg%2F1tdv9yky!19sChIJCzA2x4nE9RQRJ30iLXhmvz4?authuser=0&hl=en&g_ep=EgoyMDI2MDkwOS4wIJJjKgBIAVAD&rclk=1,Prof. Dr. Carmen Mohamed Farid اد كارمن محمد فريد,,4.0,(40),طبيب,·,169 Port Said St,,Directions,Prof. Dr. Carmen Mohamed Farid اد كارمن محمد فريد,Closed,· Opens 4 PM,·,012 23508095,,,,,,,
https://www.google.com/maps/place/Dr+dina+rady+clinc/data=!4m7!3m6!1s0x14f5c3fa5f111f05:0x60f3b6e85e19430b!8m2!3d31.2000924!4d29.9187387!16s%2Fg%2F11h27mcdkd!19sChIJBR8RX_rD9RQRC0MZXui282A?authuser=0&hl=en&g_ep=EgoyMDI2MDkwOS4wIJJjKgBIAVAD&rclk=1,Dr dina rady clinc,Dr dina rady clinc,4.3,(3),طبيب أمراض جلدية,·,"6W29+2FQ, Smouha, beside kiroseiz, sharazad building, first floor Alexandria governme",,Website,,Closed,· Opens 4 PM Wed,·,012 02884856,,,https://dinaradyclinic.wixsite.com/website,,Directions,,
https://www.google.com/maps/place/%D8%B9%D9%8A%D8%A7%D8%AF%D8%A9+%D8%AF.+%D9%86%D8%B1%D9%85%D9%8A%D9%86+%D8%A7%D8%A8%D9%88+%D8%B4%D9%88%D8%B4%D8%A9%E2%80%AD/data=!4m7!3m6!1s0x14f5c527fe364b6f:0xe7b9bab283c2af97!8m2!3d31.2375448!4d29.9622617!16s%2Fg%2F11fl7b4hws!19sChIJb0s2_ifF9RQRl6_Cg7K6uec?authuser=0&hl=en&g_ep=EgoyMDI2MDkwOS4wIJJjKgBIAVAD&rclk=1,عيادة د. نرمين ابو شوشة,,4.3,(12),طبيب أمراض جلدية,·,·,,Directions,عيادة د. نرمين ابو شوشة,"33 ش زهران رشدى, خلف مصر للطيران",Closed,· Opens 6 PM Wed,010 01840460,,,,,,,
https://www.google.com/maps/place/Dr.+Mohamed+Imbabi/data=!4m7!3m6!1s0x14f5c48969a645b9:0x10aede2740a31763!8m2!3d31.218114!4d29.9319062!16s%2Fg%2F1tdr5jqp!19sChIJuUWmaYnE9RQRYxejQCferhA?authuser=0&hl=en&g_ep=EgoyMDI2MDkwOS4wIJJjKgBIAVAD&rclk=1,Dr. Mohamed Imbabi,Dr. Mohamed Imbabi,4.1,(41),عيادة طبية,·,172 Omar Lotfy,,Directions,,Closed,· Opens 1 PM,·,03 5914963,,,,,,,
https://www.google.com/maps/place/%D8%A3.+%D8%AF%2F+%D8%B7%D8%A7%D8%B1%D9%82+%D8%AD%D8%B3%D9%8A%D9%86%E2%80%AD/data=!4m7!3m6!1s0x14f5c3f25e4910b9:0x411869f84aa35b4f!8m2!3d31.2020903!4d29.9015557!16s%2Fg%2F11fl7cmsvr!19sChIJuRBJXvLD9RQRT1ujSvhpGEE?authuser=0&hl=en&g_ep=EgoyMDI2MDkwOS4wIJJjKgBIAVAD&rclk=1,أ. د/ طارق حسين,,3.8,(12),عيادة طب العيون,·,·,,Website,أ. د/ طارق حسين,"إمام محطته الترام ميدان سعد زغلول, Mahta Al Raml Sq.",Closed,· Opens 1 PM,012 71615715,,,https://healtheg.com/ar/Itm/23111/%D8%B9%D9%8A%D8%A7%D8%AF%D8%A9-%D8%A7-%D8%AF-%D8%B7%D8%A7%D8%B1%D9%82-%D8%AD%D8%B3%D9%8A%D9%86-%D9%84%D9%84%D8%A7%D9%85%D8%B1%D8%A7%D8%B6-%D8%A7%D9%84%D8%AC%D9%84%D8%AF%D9%8A%D8%A9-%D9%88%D8%A7%D9%84%D8%AA%D9%86%D8%A7%D8%B3%D9%84%D9%8A%D8%A9-%D9%88%D8%A7%D9%84%D8%B0%D9%83%D9%88%D8%B1%D8%A9/%D8%A3%D8%B1%D9%82%D8%A7%D9%85-%D8%A7%D9%84%D9%87%D8%A7%D8%AA%D9%81,,Directions,,
https://www.google.com/maps/place/%D8%A7%D9%84%D8%A3%D8%B3%D8%AA%D8%A7%D8%B0+%D8%A7%D9%84%D8%AF%D9%83%D8%AA%D9%88%D8%B1+%D9%81%D9%8A%D8%B1%D9%88%D8%B2+%D8%AE%D9%84%D9%8A%D9%84+%D8%A8%D8%AF%D8%B1%D8%A7%D9%86%E2%80%AD/data=!4m7!3m6!1s0x14f5c47d1c9faf31:0xec9cc22786eec8bd!8m2!3d31.2136014!4d29.9252547!16s%2Fg%2F11h10ddk5h!19sChIJMa-fHH3E9RQRvcjuhifCnOw?authuser=0&hl=en&g_ep=EgoyMDI2MDkwOS4wIJJjKgBIAVAD&rclk=1,الأستاذ الدكتور فيروز خليل بدران,,4.3,(6),طبيب أمراض جلدية,·,Omar Lotfy,,Website,الأستاذ الدكتور فيروز خليل بدران,Closed,· Opens 12 PM Wed,·,010 01551777,,,https://www.dalilimedical.com/doctor-2830/%D8%A3-%D8%AF-%D9%81%D9%8A%D8%B1%D9%88%D8%B2-%D8%AE%D9%84%D9%8A%D9%84-%D8%A8%D8%AF%D8%B1%D8%A7%D9%86-%D8%B1%D8%A6%D9%8A%D8%B3-%D9%82%D8%B3%D9%85-%D8%A7%D9%84%D8%A7%D9%85%D8%B1%D8%A7%D8%B6-%D8%A7%D9%84%D8%AC%D9%84%D8%AF%D9%8A%D8%A9-%D9%88-%D8%A7%D9%84%D8%B0%D9%83%D9%88%D8%B1%D8%A9,,Directions,,
https://www.google.com/maps/place/%D8%AF.+%D9%87%D8%A7%D8%AC%D8%B1+%D9%81%D8%A4%D8%A7%D8%AF+%D8%A3%D8%AE%D8%B5%D8%A7%D8%A6%D9%8A%D8%A9+%D8%A7%D9%84%D8%A7%D9%85%D8%B1%D8%A7%D8%B6+%D8%A7%D9%84%D8%AC%D9%84%D8%AF%D9%8A%D8%A9+%D9%88%D8%A7%D9%84%D8%AA%D8%AC%D9%85%D9%8A%D9%84+%D9%88%D8%A7%D9%84%D9%84%D9%8A%D8%B2%D8%B1%E2%80%AD/data=!4m7!3m6!1s0x14f5db87b773f975:0x4bbae41447a71ab9!8m2!3d31.245256!4d29.9817265!16s%2Fg%2F11nz3qdl3s!19sChIJdflzt4fb9RQRuRqnRxTkuks?authuser=0&hl=en&g_ep=EgoyMDI2MDkwOS4wIJJjKgBIAVAD&rclk=1,د. هاجر فؤاد أخصائية الامراض الجلدية والتجميل والليزر,,4.8,(27),عيادة جراحة التجميل,·,امام ماكدونالز، 284 Gamal Abd El-Nasir Rd,,Website,د. هاجر فؤاد أخصائية الامراض الجلدية والتجميل والليزر,Closed,· Opens 3 PM Wed,·,011 41488806,,,https://www.facebook.com/share/1VPaj6HPdV/?mibextid=wwXIfr,,Directions,,
https://www.google.com/maps/place/Pure+Derma+%26+Laser+Clinic/data=!4m7!3m6!1s0x14f5c5ed508d103b:0x4e7aca852359c39!8m2!3d31.222528!4d29.9403746!16s%2Fg%2F11j4scbbh1!19sChIJOxCNUO3F9RQROZw1Uqis5wQ?authuser=0&hl=en&g_ep=EgoyMDI2MDkwOS4wIJJjKgBIAVAD&rclk=1,Pure Derma & Laser Clinic,Pure Derma & Laser Clinic,4.0,(48),طبيب,·,·,,Website,,أمام سنترال We، الشيخ عمارة Alex Tower,Closed,· Opens 6 PM,012 22121303,,,https://www.facebook.com/Haithamelsadawy1,,Directions,,·
https://www.google.com/maps/place/%D8%AF%2F%D8%AF%D9%8A%D9%86%D8%A7+%D8%B1%D8%A7%D8%B6%D9%8A..%D8%A3%D8%AE%D8%B5%D8%A7%D8%A6%D9%8A+%D8%A7%D9%84%D8%A7%D9%85%D8%B1%D8%A7%D8%B6+%D8%A7%D9%84%D8%AC%D9%84%D8%AF%D9%8A%D8%A9+%D9%88+%D8%A7%D9%84%D8%AA%D8%AC%D9%85%D9%8A%D9%84%E2%80%AD/data=!4m7!3m6!1s0x14f5c5dbb102eda5:0x9033160810196c39!8m2!3d31.2103579!4d29.9388437!16s%2Fg%2F11j4y0b5n_!19sChIJpe0CsdvF9RQROWwZEAgWM5A?authuser=0&hl=en&g_ep=EgoyMDI2MDkwOS4wIJJjKgBIAVAD&rclk=1,د/دينا راضي..أخصائي الامراض الجلدية و التجميل,,5.0,(1),طبيب أمراض جلدية,·,"Madina Women Hospital, Smoha Sq.",,Directions,د/دينا راضي..أخصائي الامراض الجلدية و التجميل,Closed,· Opens 2 PM,·,010 13156031,,,,,,,
https://www.google.com/maps/place/%D8%B9%D9%8A%D8%A7%D8%AF%D8%A9+%D8%AF%D9%83%D8%AA%D9%88%D8%B1+%D8%A3%D8%AD%D9%85%D8%AF+%D8%AD%D8%B3%D9%86+%D8%A7%D8%B3%D8%AA%D8%B4%D8%A7%D8%B1%D9%8A+%D8%A7%D9%84%D8%AC%D9%84%D8%AF%D9%8A%D8%A9+%D9%83%D9%84%D9%8A%D9%88%D8%A8%D8%AA%D8%B1%D8%A7%E2%80%AD/data=!4m7!3m6!1s0x14f5c48c53c12e0f:0x6a21af11de0064f7!8m2!3d31.2209679!4d29.9368778!16s%2Fg%2F11h0cf01_b!19sChIJDy7BU4zE9RQR92QA3hGvIWo?authuser=0&hl=en&g_ep=EgoyMDI2MDkwOS4wIJJjKgBIAVAD&rclk=1,عيادة دكتور أحمد حسن استشاري الجلدية كليوبترا,,3.0,(6),طبيب أمراض جلدية,·,·,,Directions,عيادة دكتور أحمد حسن استشاري الجلدية كليوبترا,"محطة ترام كليوبترا حمامات, ٥٠ Sidi Gabir Rd",Closed,· Opens 6 PM Thu,012 12014050,,,,,,,
https://www.google.com/maps/place/Dr+Hesham+Mohamed+Abd+Elaziz/data=!4m7!3m6!1s0x14f5c3906049889d:0x744a9c03ed1c4aef!8m2!3d31.1947706!4d29.9149388!16s%2Fg%2F1tk1w2kt!19sChIJnYhJYJDD9RQR70oc7QOcSnQ?authuser=0&hl=en&g_ep=EgoyMDI2MDkwOS4wIJJjKgBIAVAD&rclk=1,Dr Hesham Mohamed Abd Elaziz,Dr Hesham Mohamed Abd Elaziz,3.9,(24),عيادة للعناية بالبشرة,·,·,,Website,,5WV7+WX4,Closed,· Opens 8 AM,03 3926642,,,http://www.tagmeel.net/DrsExtraData.aspx?DrID=356,,Directions,,·
https://www.google.com/maps/place/Dr.+Emad+El+Din+El+Gamal/data=!4m7!3m6!1s0x14f5c3954ad6650d:0xcef11a4976cc967a!8m2!3d31.1906359!4d29.9046854!16s%2Fg%2F1xnz2194!19sChIJDWXWSpXD9RQRepbMdkka8c4?authuser=0&hl=en&g_ep=EgoyMDI2MDkwOS4wIJJjKgBIAVAD&rclk=1,Dr. Emad El Din El Gamal,Dr. Emad El Din El Gamal,2.3,(3),اتصالات,·,,,Directions,,17 ميدان سعد زغلول,,,03 4806551,,,,,,,
https://www.google.com/maps/place/%D8%B9%D9%8A%D8%A7%D8%AF%D8%A9+%D8%AF%D9%83%D8%AA%D9%88%D8%B1+%2F+%D9%85%D8%AD%D9%85%D8%AF+%D9%81%D9%88%D8%B2%D9%8A%E2%80%AD/data=!4m7!3m6!1s0x14f5c191ead7fa77:0x57f7999d26a94184!8m2!3d31.1634568!4d29.8680438!16s%2Fg%2F11fm2lvl12!19sChIJd_rX6pHB9RQRhEGpJp2Z91c?authuser=0&hl=en&g_ep=EgoyMDI2MDkwOS4wIJJjKgBIAVAD&rclk=1,عيادة دكتور / محمد فوزي,,4.7,(34),طبيب أنف وأذن وحنجرة,·,·,,Website,عيادة دكتور / محمد فوزي,Al Esnawi Al Wardiyan,Closed,· Opens 12 PM,012 26145900,,,http://www.dalilimedical.com/view_profiles.php?id=178,,Directions,,·
https://www.google.com/maps/place/Skin+Arts+Clinic+%D9%85%D8%B1%D9%83%D8%B2+%D8%B3%D9%83%D9%8A%D9%86+%D8%A3%D8%B1%D8%AA%D8%B3%E2%80%AD/data=!4m7!3m6!1s0x14f5c5f13e05a7b1:0x714db35e1512a15e!8m2!3d31.2190706!4d29.9411373!16s%2Fg%2F11g0h1yb3x!19sChIJsacFPvHF9RQRXqESFV6zTXE?authuser=0&hl=en&g_ep=EgoyMDI2MDkwOS4wIJJjKgBIAVAD&rclk=1,Skin Arts Clinic مركز سكين أرتس,,3.8,(32),طبيب أمراض جلدية,·,·,,Directions,Skin Arts Clinic مركز سكين أرتس,Closed,· Opens 10 AM,"332 Abou Quer St., Sidi Gaber , Infornt of Main Station",03 5459363,,,,,,,·
https://www.google.com/maps/place/%D8%AF%D9%83%D8%AA%D9%88%D8%B1+%D8%B7%D8%A7%D8%B1%D9%82+%D8%AF%D8%BA%D9%8A%D9%85%E2%80%AD/data=!4m7!3m6!1s0x14f5dacfbb2cf453:0xbd4e084121ea7f36!8m2!3d31.2166168!4d29.9295443!16s%2Fg%2F11h5rzphx7!19sChIJU_Qsu8_a9RQRNn_qIUEITr0?authuser=0&hl=en&g_ep=EgoyMDI2MDkwOS4wIJJjKgBIAVAD&rclk=1,دكتور طارق دغيم,,2.6,(5),طبيب أمراض جلدية,·,·,,Website,دكتور طارق دغيم,"فوق حلواني خاموس الجديد على الترام مباشرة, ١٤٠ Omar Lotfy",Closed,· Opens 8 PM Wed,03 5276257,,,https://www.fatakat.com/thread/895179,,Directions,,
https://www.google.com/maps/place/Rederm+Clinic/data=!4m7!3m6!1s0x14f5c52e58b4051d:0xe99e3db967f2d5e!8m2!3d31.2431182!4d29.9637612!16s%2Fg%2F11c52bd7z2!19sChIJHQW0WC7F9RQRXi1_ltvjmQ4?authuser=0&hl=en&g_ep=EgoyMDI2MDkwOS4wIJJjKgBIAVAD&rclk=1,Rederm Clinic,Rederm Clinic,4.5,(53),طبيب أمراض جلدية,·,١١ Gharbo Bek,,Website,,Closed,· Opens 12 PM,·,012 28893387,,,https://wa.me/201228893387,,Directions,,
https://www.google.com/maps/place/%D8%AF%D9%83%D8%AA%D9%88%D8%B1%D8%A9+%D9%85%D9%86%D8%A7%D9%84+%D8%B9%D9%84%D9%85+%D8%A7%D9%84%D8%AF%D9%8A%D9%86%E2%80%AD/data=!4m7!3m6!1s0x14f5da9ef05ccaf3:0xb2169a799c2e5ffc!8m2!3d31.265765!4d30.0010525!16s%2Fg%2F11h70j7h5k!19sChIJ88pc8J7a9RQR_F8unHmaFrI?authuser=0&hl=en&g_ep=EgoyMDI2MDkwOS4wIJJjKgBIAVAD&rclk=1,دكتورة منال علم الدين,,4.3,(13),طبيب أمراض جلدية,·,·,,Website,دكتورة منال علم الدين,"330شارع ملك حفني بحري, Mogamaa Meyami",Closed,· Opens 1 PM,012 04889948,,,https://www.eldacatra.com/doctor/clinicInformation/%D8%AF%D9%83%D8%AA%D9%88%D8%B1%D8%A9-%D9%85%D9%86%D8%A7%D9%84-%D8%B9%D9%84%D9%85-%D8%A7%D9%84%D8%AF%D9%8A%D9%86-%D8%AC%D9%84%D8%AF%D9%8A%D8%A9,,Directions,,
https://www.google.com/maps/place/%D8%AF%D9%83%D8%AA%D9%88%D8%B1+%D8%AC%D9%85%D8%B9%D8%A9+%D8%A7%D9%84%D8%B3%D9%82%D8%A7%E2%80%AD/data=!4m7!3m6!1s0x14f5c37caecc7b35:0x4a2a17ff67f214d2!8m2!3d31.1967011!4d29.9389079!16s%2Fg%2F11fm4bjwg9!19sChIJNXvMrnzD9RQR0hTyZ_8XKko?authuser=0&hl=en&g_ep=EgoyMDI2MDkwOS4wIJJjKgBIAVAD&rclk=1,دكتور جمعة السقا,,4.8,(5),طبيب أمراض جلدية,·,El-Salam Mosque,,Website,دكتور جمعة السقا,Closed,· Opens 7 PM,·,010 20884666,,,http://www.dalilimedical.com/view_profiles.php?id=694,,Directions,,
https://www.google.com/maps/place/%D8%AF%D9%83%D8%AA%D9%88%D8%B1%D8%A9+%D9%86%D8%B1%D9%85%D9%8A%D9%86+%D9%85%D8%AD%D9%85%D8%AF+%D8%A3%D8%A8%D9%88%D8%B4%D9%88%D8%B4%D8%A9%E2%80%AD/data=!4m7!3m6!1s0x14f5daba3e002a95:0xd3acc2a98eae81ea!8m2!3d31.2578546!4d29.9870612!16s%2Fg%2F11h5vclmhc!19sChIJlSoAPrra9RQR6oGujqnCrNM?authuser=0&hl=en&g_ep=EgoyMDI2MDkwOS4wIJJjKgBIAVAD&rclk=1,دكتورة نرمين محمد أبوشوشة,,4.2,(14),طبيب أمراض جلدية,·,·,,Website,دكتورة نرمين محمد أبوشوشة,سيدي بشر شارع جمال عبد الناصر، حى المنتزة,Closed,· Opens 3 PM,03 5718200,,,https://doctors.dailymedicalinfo.com/dr/35548_%D8%AF%D9%83%D8%AA%D9%88%D8%B1%D8%A9-%D9%86%D8%B1%D9%85%D9%8A%D9%86-%D8%A7%D8%A8%D9%88-%D8%B4%D9%88%D8%B4%D8%A9-%D8%A7%D9%85%D8%B1%D8%A7%D8%B6-%D8%AC%D9%84%D8%AF%D9%8A%D8%A9-%D9%88%D8%AA%D9%86/,,Directions,,
https://www.google.com/maps/place/%D8%AF%D9%83%D8%AA%D9%88%D8%B1+%D9%87%D8%A7%D9%86%D9%89+%D8%B4%D9%83%D8%B1%D9%89%E2%80%AD/data=!4m7!3m6!1s0x14f5c39a14970a57:0x14888b9d5d0caed6!8m2!3d31.2029259!4d29.9030832!16s%2Fg%2F11h2fvqbbq!19sChIJVwqXFJrD9RQR1q4MXZ2LiBQ?authuser=0&hl=en&g_ep=EgoyMDI2MDkwOS4wIJJjKgBIAVAD&rclk=1,دكتور هانى شكرى,,5.0,(1),طبيب,·,,,Website,دكتور هانى شكرى,٢٦ الغرفة التجارية، ميدان محطة الرمل، المسلة شرق، قسم العطارين، الإسكندرية،,,,,,,https://www.med.tn/%D8%B7%D8%A8%D9%8A%D8%A8/%D8%A7%D8%AE%D8%B5%D8%A7%D9%8A%D9%8A-%D8%A7%D9%85%D8%B1%D8%A7%D8%B6-%D8%A7%D9%84%D8%AD%D8%B3%D8%A7%D8%B3%D9%8A%D8%A9/%D8%A7%D9%84%D8%A7%D8%B3%D9%83%D9%86%D8%AF%D8%B1%D9%8A%D8%A9/%D8%A7%D9%84%D8%AF%D9%83%D8%AA%D9%88%D8%B1-%D9%87%D8%A7%D9%86%D9%89-%D8%B4%D9%83%D8%B1%D9%89-71903.html,,Directions,,
https://www.google.com/maps/place/Dr.+Saad+Gad+El+Rab/data=!4m7!3m6!1s0x14f5c3794b1ed7ad:0x786a53c8393f459a!8m2!3d31.1979581!4d29.9323333!16s%2Fg%2F1vl5d3gh!19sChIJrdceS3nD9RQRmkU_OchTang?authuser=0&hl=en&g_ep=EgoyMDI2MDkwOS4wIJJjKgBIAVAD&rclk=1,Dr. Saad Gad El Rab,Dr. Saad Gad El Rab,4.6,(12),عيادة طبية,·,191 Gamal Abd El-Nasir Rd,,Directions,,,,,,,,,,,,
https://www.google.com/maps/place/%D8%B9%D9%8A%D8%A7%D8%AF%D8%A9+%D8%A7%D9%84%D8%AF%D9%83%D8%AA%D9%88%D8%B1+%D9%86%D8%A8%D9%8A%D9%84+%D8%B9%D8%A8%D8%AF+%D8%A7%D9%84%D8%B3%D9%84%D8%A7%D9%85%E2%80%AD/data=!4m7!3m6!1s0x14f5c10050625d13:0x1962f376a45abf81!8m2!3d31.1855725!4d29.8813951!16s%2Fg%2F11wr2tzzbp!19sChIJE11iUADB9RQRgb9apHbzYhk?authuser=0&hl=en&g_ep=EgoyMDI2MDkwOS4wIJJjKgBIAVAD&rclk=1,عيادة الدكتور نبيل عبد السلام,,,,طبيب أمراض جلدية,·,Al Bitash,,Directions,عيادة الدكتور نبيل عبد السلام,,,,,,,,,,No reviews,
https://www.google.com/maps/place/%D9%85%D8%B1%D9%83%D8%B2+%D8%A7%D9%84%D8%AF%D9%83%D8%AA%D9%88%D8%B1%D8%A9+%D8%AA%D8%A8%D8%A7%D8%B3%D9%8A%D9%85+%D9%85%D8%AD%D9%85%D8%AF+%D8%A8%D8%B3%D9%8A%D9%88%D9%86%D9%89%E2%80%AD/data=!4m7!3m6!1s0x14f5c4d77788aa97:0x5cd0d1cb7c7b0dd2!8m2!3d31.2342477!4d29.9632351!16s%2Fg%2F11h1135z20!19sChIJl6qId9fE9RQR0g17fMvR0Fw?authuser=0&hl=en&g_ep=EgoyMDI2MDkwOS4wIJJjKgBIAVAD&rclk=1,مركز الدكتورة تباسيم محمد بسيونى,,5.0,(4),طبيب أمراض جلدية,·,·,,Directions,مركز الدكتورة تباسيم محمد بسيونى,بيت الحاسبات، شارع الفتح فلمنج بجوار مول,Closed,· Opens 10 AM,03 5855015,,,,,,,
